SMILES,Label
CN(C)C(=N)N=C(N)N,Negative
COC(=O)C=CC(=O)O,Negative
O=C(O)C=Cc1ccccc1,Negative
Cc1ccc(C(C)C)cc1O,Negative
COc1ccc(C(=O)O)cc1,Negative
CC(C)=CCCC(C)=CCO,Negative
CCCCCCCCCC=O,Negative
CC1CCc2c(C=O)cncc21,Negative
COc1ccccc1C=CC=O,Negative
C=CCSS(=O)CC=C,Negative
COc1ccc(C(C)=O)c(O)c1,Negative
Cc1cc2ccc(=O)oc2cc1C,Negative
CCNC(=O)CCC(N)C(=O)O,Negative
O=CC(O)C1OC(=O)C(O)C1O,Negative
O=c1ccc2cc(O)c(O)cc2o1,Negative
COC(=O)C=Cc1ccc(O)cc1,Negative
CCCC=C1OC(=O)c2ccccc21,Negative
COc1ccc2c(c1)OC(C)(C)C=C2,Negative
COc1cc2ccc(=O)oc2cc1O,Negative
COc1cc(C=CC(=O)O)ccc1O,Negative
CC=C1CNC(O)C2=C1CCOC2=O,Negative
O=Cc1ccc(O)n1CCCC(=O)O,Negative
O=C(O)C(O)Cc1ccc(O)c(O)c1,Negative
CCOC(=O)c1cc(O)c(O)c(O)c1,Negative
CC1(O)CC(O)C2(O)CC(=O)OCC12,Negative
OC1C2CCOC3OCC(O)(C1O)C32,Negative
Cc1ccc2c(c1)C(C(C)C)CCC2C,Negative
C=C1CCC=C(C)CCC2C1CC2(C)C,Negative
C=C(C)C1CCC2=CCCC(C)C2(C)C1,Negative
C=CC1(C)CCC(C(=C)C)CC1C(=C)C,Negative
CC(C)C1CCC2(C)CCCC(C)C2C1,Negative
OCC1C(O)C(O)C(O)C(O)C1O,Negative
COc1cc2ccc(=O)oc2c(OC)c1O,Negative
COc1ccc2[nH]cc(CCNC(C)=O)c2c1,Negative
C=C1C(=O)OC2C=C(C)CCC=C(C)CCC12,Negative
C=C(C)C1CCC(C)C2(O)CC(=O)C(C)=C2C1,Negative
CC1(C)CC2C1CCC1(C)CC2(O)CCC1O,Negative
O=C(O)c1cccc(-c2ccccc2)c1C(=O)O,Negative
C=C1C(=O)OC2C1CCC(C)=CCCC1(C)OC21,Negative
Cc1c(O)c2c(c(C)c1CCO)C(=O)C(C)(C)C2,Negative
O=c1c(-c2ccc(O)cc2)coc2cc(O)ccc12,Negative
O=c1cc(-c2ccccc2)oc2cc(O)cc(O)c12,Negative
O=C1CC(c2ccc(O)cc2)Oc2cc(O)ccc21,Negative
O=C(C=Cc1ccc(O)cc1)c1ccc(O)cc1O,Negative
O=C1CCC(N2C(=O)c3ccccc3C2=O)C(=O)N1,Positive
CC1=CCCC23OC2C(OC3=O)c2c(C)coc2C1,Negative
O=C1CC(OC2OC(CO)C(O)C(O)C2O)CO1,Negative
O=c1cc(-c2ccccc2)oc2cc(O)c(O)c(O)c12,Negative
O=C1CC(c2ccc(O)cc2)Oc2cc(O)cc(O)c21,Negative
CC1CCC2C(C)C(=O)OC3OC4(C)CCC1C32OO4,Positive
COc1c(O)cc(O)c2c(=O)cc(-c3ccccc3)oc12,Negative
COc1cc2oc(-c3ccc(O)cc3)cc(=O)c2cc1O,Negative
CC1CCC2C(C)C(O)OC3OC4(C)CCC1C32OO4,Negative
OCc1ccc(OC2OC(CO)C(O)C(O)C2O)cc1,Negative
COc1cc2c(cc1O)OC1c3ccc(O)cc3OCC21,Negative
CCCc1cc(O)c2c(c1)OC(C)(C)C1CC=C(C)CC21,Negative
CC1=CC=C(C(C)C)CCC(C=O)=CCCC(C)=CCC1,Negative
O=C1c2c(O)cc(O)cc2OC(c2ccc(O)cc2)C1O,Negative
CC(=O)OC(C)(C)C1Cc2cc3ccc(=O)oc3cc2O1,Negative
CC1=CCCC(C)=CC(O)C(C(C)C)CCC(C)=CCC1,Negative
CCCCCC(O)CC(=O)CCc1ccc(O)c(OC)c1,Negative
CCCCCCCCCCCC1=C(O)C(=O)C=C(O)C1=O,Negative
CC1COC2=C1C(=O)C(=O)c1c2ccc2c1CCCC2(C)C,Negative
CC(=CCO)CCCC(C)CCCC(C)CCCC(C)C,Negative
CN1C(=O)C(O)C(c2ccccc2)C1C(O)c1ccccc1,Negative
CC(C=CC1=C(C)CCCC1(C)C)=CC=CC(C)=CC(=O)O,Positive
O=C1c2c(O)cc(O)cc2OC(c2ccc(O)c(O)c2)C1O,Negative
COc1cc(CCc2cc(OC)c(O)c(OC)c2)ccc1O,Negative
CN1C2CC(OC(=O)C(CO)c3ccccc3)CC1C(O)C2,Negative
COc1cc(CNC(=O)CCCCC=CC(C)C)ccc1O,Negative
COc1cc2c(cc1OC)C(Cc1ccc(O)cc1)N(C)CC2,Negative
COc1cc(O)c2c(c1)oc(=O)c1c3cc(O)c(O)cc3oc21,Negative
COc1ccc(-c2cc(=O)c3c(O)c(O)c(OC)cc3o2)cc1,Negative
COc1c(O)cc2oc(Oc3ccc(O)cc3)cc(=O)c2c1O,Negative
COc1cc(-c2oc3cc(O)cc(O)c3c(=O)c2O)ccc1O,Negative
COc1cc(C=CC(=O)N2CCC=CC2=O)cc(OC)c1OC,Negative
O=c1c(O)c(-c2cc(O)c(O)c(O)c2)oc2cc(O)cc(O)c12,Negative
COc1ccc(CCc2cc(OC)c(OC)c(OC)c2)cc1O,Negative
CC(C)=CC(=O)OC1Cc2cc3ccc(=O)oc3cc2OC1(C)C,Negative
COc1c(O)cc2c(c1O)C(=O)c1c(cc(C)c(O)c1OC)C2=O,Negative
COc1cc(O)c2c(=O)c(O)c(-c3ccc(OC)c(O)c3)oc2c1,Negative
COc1cc(-c2[o+]c3cc(O)cc(O)c3cc2O)cc(OC)c1O,Negative
CC(C)=CCOc1ccc(CCNC(=O)C=Cc2ccccc2)cc1,Negative
Oc1cc(O)c2cc(O)c(-c3cc(O)c(O)c(O)c3)[o+]c2c1,Negative
O=c1ccc2c3c(c(O)cc2o1)CC(O)C(c1ccc(O)c(O)c1)O3,Negative
OCC1=CC(O)C2C=COC(OC3OC(CO)C(O)C(O)C3O)C12,Negative
C=C1CCC2C(C)(CO)C(O)CCC2(C)C1CC=C1C(=O)OC=C1O,Negative
CC1(C)OC2Oc3ccc(C(=O)C=Cc4ccccc4)c(O)c3C2C1O,Negative
COc1cc2c(cc1O)C1(Cc3ccc4c(c3C1=O)OCO4)N(C)CC2,Negative
C=C1C(=O)C23C(O)C1CCC2C12COC3(O)C(O)C1C(C)(C)CCC2O,Negative
CC(=O)C1CCC23OC24CCC2CC(O)CCC2(C)C4C(O)C(O)C13C,Negative
COc1cc(C=CC(=O)CC(=O)C=Cc2ccc(O)c(OC)c2)ccc1O,Negative
COc1ccc(C2OCC3C(c4ccc5c(c4)OCO5)OCC23)cc1OC,Negative
COC(=O)C1CC23C4=C(CCC41)CCC1CN4CC(C)C(O)(CCC12C)C43,Negative
COc1cc(C2Oc3c(OC)cc(C=CC(=O)O)cc3C2CO)ccc1O,Negative
CCCCCCC=CCCCCCCCCCC1=CC(=O)C=C(OC)C1=O,Negative
O=C1CC(c2ccc(O)cc2)Oc2cc3oc4cc(O)c(O)cc4c3c(O)c21,Negative
COc1cc(C=CC(=O)COC(=O)C=Cc2ccc(O)c(OC)c2)ccc1O,Negative
CC1CCC2C(C)C(OC(=O)CCC(=O)O)OC3OC4(C)CCC1C32OO4,Positive
C=C1CCC(O)CC1=CC=C1CCCC2(C)C1CCC2C(C)CCCC(C)C,Negative
COc1ccc(-c2cc(=O)c3c(OC)c(OC)c(OC)c(OC)c3o2)cc1OC,Negative
C=C1CCC(OC2OC(CO)C(O)C(O)C2O)C2(C)CC3OC(=O)C(C)=C3CC12,Negative
Cc1cc(OC2OC(CO)C(O)C(O)C2O)c2c(c1)C(=O)c1cccc(O)c1C2=O,Negative
COc1cc2c(c(OC)c1OC)-c1c(cc3c(c1OC)OCO3)CC(C)C(C)(O)C2,Negative
CC1CCC2(OC1)OC1CC3C4CCC5CC(O)CCC5(C)C4CCC3(C)C1C2C,Negative
COC(=O)c1cc(OC)c2c(c1-c1c(C(=O)OC)cc(OC)c3c1OCO3)OCO2,Negative
COCC(Cc1ccc(OC)c(OC)c1)C(COC)Cc1ccc(OC)c(OC)c1,Negative
O=c1c2cc(O)c(O)cc2oc2cc(O)c(C3OC(CO)C(O)C(O)C3O)c(O)c12,Negative
C=C(C)C1CCC2(C)CCC3(C)C(CCC4C5(C)CCC(=O)C(C)(C)C5CCC43C)C12,Negative
COc1ccc2c(c1C1C(O)OC(C)(C)C1OC(C)=O)OC(c1ccccc1)CC2=O,Negative
C=C(C)C1CCC2(C)C1CCC1(C)C2CCC2C3(C)CCC(O)C(C)(C)C3CCC21C,Negative
CCC(C)CC(C)C(=O)OC1C(=O)c2c(cc(O)c3c2CC(O)CC3C)C(C)(O)C1=O,Negative
CC1CCC2(OC1)OC1CC3C4CCC5CC(O)CC(O)C5(C)C4CCC3(C)C1C2C,Negative
O=C(C=Cc1ccc(O)cc1)c1c(O)cc(O)cc1OC1OC(CO)C(O)C(O)C1O,Negative
CC1CCC2(CO)CCC3(C)C(=CCC4C5(C)CCC(=O)C(C)(C)C5CCC43C)C2C1C,Negative
Nc1nc(=O)c2nc(CNc3ccc(C(=O)NC(CCC(=O)O)C(=O)O)cc3)cnc2[nH]1,Negative
C=C(C)C1CCC2(CO)CCC3(C)C(CCC4C5(C)CCC(O)C(C)(C)C5CCC43C)C12,Negative
COc1cc(O)c2c(=O)cc(-c3ccc(OC4OC(CO)C(O)C(O)C4O)cc3)oc2c1,Negative
COc1cc2c(c3oc(-c4ccccc4)cc(=O)c13)C(OC(C)=O)C(OC(C)=O)C(C)(C)O2,Negative
CC(CCC=C(CO)CO)C1CCC2(C)C3=CCC4C(C)(C)C(=O)CCC4(C)C3=CCC12C,Negative
CC1(C)CCC2(C)CCC3(C)C(=CCC4C5(C)CCC(O)C(C)(C(=O)O)C5CCC43C)C2C1,Negative
C=C(C)C1CCC2(C(=O)O)CCC3(C)C(CCC4C5(C)CCC(O)C(C)(C)C5CCC43C)C12,Negative
CC(=O)OC1C(c2ccc(=O)oc2)C2(C)CCC3C(CCC4(O)CC(O)CCC34C)C23OC13,Negative
CC(=O)OC1CC2C(C)(C)C(=O)C=CC2(C)C2CCC3(C)C(c4ccoc4)C(=O)C4OC43C12C,Negative
C=C(C)C1CCC2(C)CCC3(C)C(CCC4C5(C)CCC(OC(C)=O)C(C)(C)C5CCC43C)C12,Negative
CC1(C)OC2CC(=O)OCC23C1CC(=O)C1(C)C3CCC2(C)C(c3ccoc3)OC(=O)C3OC321,Negative
CC1(C)CCC2(C(=O)O)CCC3(C)C(=CCC4C5(CO)CCC(=O)C(C)(C)C5CCC43C)C2C1,Negative
COCC12CCC(C)C(C)C1C1(O)C=CC3C4(C)CCC(=O)C(C)(C)C4CCC3(C)C1(C)CC2,Negative
CC1(C)CCC2(C(=O)O)CCC3(C)C(=CCC4C5(C)CC(O)C(O)C(C)(C)C5CCC43C)C2C1,Negative
CC(C)C(=O)CCC(C)C1C(O)CC2(C)C3CCC4C(C)(C)C(O)CCC45CC35C(O)CC12C,Negative
CC12CC3(O)OC(O1)C1(COC(=O)c4ccccc4)C3CC21OC1OC(CO)C(O)C(O)C1O,Negative
CC1(C)OCC(c2c(O)ccc3c2OC(c2ccccc2)CC3=O)C1OC(=O)C=Cc1ccccc1,Negative
CC1(C)CC(O)C2(CO)C(O)CC3(C)C(=CCC4C5(C)CCC(O)C(C)(CO)C5CCC43C)C2C1,Negative
CC1=CC2C(C(c3[nH]c4ccccc4c3CCN(C)C)C34CCN(C)C23Nc2ccccc24)C(C)(C)C1,Negative
CCN1CC2(COC)C(O)CC(OC)C34C5CC6(O)C(O)C5C(O)(C(O)C6OC)C(C(OC)C23)C14,Negative
COC1CC2C(C)(C)C(=O)CCC2(C)C2=C1C1(C)C(O)CC(C(C)CCC=C(CO)CO)C1(C)CC2,Negative
OCC1OC(OCC2OC(OC3(CO)OC(CO)C(O)C3O)C(O)C(O)C2O)C(O)C(O)C1O,Negative
Cc1cc(O)c2c(=O)c3c(O)cc(O)c4c5c(O)cc(O)c6c(=O)c7c(O)cc(C)c8c1c2c(c34)c(c78)c65,Negative
COc1c2c(cc3c1-c1c(cc4c(c1OC)OCO4)C(OC(=O)c1ccccc1)C(C)C(C)C3)OCO2,Negative
COc1cc(C(=O)OCC23OC2C(O)C2C=COC(OC4OC(CO)C(O)C(O)C4O)C23)ccc1O,Negative
CC(=CC(=O)O)c1c(O)c(C2OC(CO)C(O)C(O)C2O)c2c(c1O)C1OC(CO)C(O)C(O)C1O2,Negative
OCC1OC(OC2OC=CC3C(OC4OC(CO)C(O)C(O)C4O)C4OC4(CO)C23)C(O)C(O)C1O,Negative
O=C(CCc1ccc(O)c(O)c1)NCCCNCCCCNCCCNC(=O)CCc1ccc(O)c(O)c1,Negative
CC(=O)OC(C(O)CC(C)C1=C2CC(O)C3C4(C)CCC(=O)C(C)(C)C4CCC3(C)C2(C)CC1)C(C)(C)O,Negative
C=Cc1c(C)c2cc3nc(c4c5nc(cc6[nH]c(cc1[nH]2)c(C)c6CC)C(C)=C5C(=O)C4)C(CCC(=O)O)C3C,Negative
COc1c(O)c2c(=O)cc3c4c5c(cc(O)c6oc(C(=O)O)c(CC(C)O)c(c(c1CC(C)O)c24)c65)OCO3,Negative
CC(C)=CCCC(C)=CC=CC(C)=CC=CC(C)=CC=CC=C(C)C=CC=C(C)C=CC=C(C)CCC=C(C)C,Negative
O=c1cc(-c2ccc(O)c(-c3c(O)cc4oc(-c5ccc(O)cc5)cc(=O)c4c3O)c2)oc2cc(O)cc(O)c12,Negative
CC=C1C(OC2OC(CO)C(O)C(O)C2O)OC=C(C(=O)OC)C1CC(=O)OCCc1ccc(O)c(O)c1,Negative
O=C(c1c(O)cc(O)cc1O)C(c1coc2cc(O)cc(O)c2c1=O)C(c1ccc(O)cc1)c1ccc(O)cc1,Negative
O=C(O)C1=CC(=CC=[N+]2c3cc(O)c(OC4OC(CO)C(O)C(O)C4O)cc3CC2C(=O)[O-])CC(C(=O)O)N1,Negative
CCC(CC(O)C(C)C1CCC2C3=CC(=O)C4C(C)C(OC(=O)c5ccccc5)CCC4(C)C3CCC21C)C(C)C,Negative
O=c1cc(-c2ccc(O)cc2)oc2cc(OC3OC(CO)C(O)C(O)C3OC3OCC(O)(CO)C3O)cc(O)c12,Negative
O=c1cc(C2Oc3cc(O)cc(O)c3CC2O)cc2c(C3Oc4cc(O)cc(O)c4CC3O)cc(O)c(O)c2c1O,Negative
COC(=O)C12C3=C(C(C)OC1C1C4=C(C(=O)OCC4=CC45C6=C(C(=O)OCC6)C(CC14)OC5C)C2O)C(O)OCC3,Negative
CC(C=CC=C(C)C=CC1=C(C)CC(O)CC1(C)C)=CC=CC=C(C)C=CC=C(C)C=CC1C(C)=CC(O)CC1(C)C,Negative
CC1CCC2(OC1)OC1CC3C4CC=C5CC(OC6OC(CO)C(O)C(O)C6O)CCC5(C)C4CCC3(C)C1C2C,Negative
O=c1c2cc(OC3OC(CO)C(O)C(O)C3O)c(O)cc2oc2cc(O)c(C3OC(CO)C(O)C(O)C3O)c(O)c12,Negative
C=Cc1c(C)c2cc3nc(c4c5nc(cc6[nH]c(cc1[nH]2)c(C)c6CC)C(C)=C5C(=O)C4C(=O)OC)C(CCC(=O)O)C3C,Negative
CC1OC(OCC2OC(Oc3c(-c4ccc(O)cc4)oc4cc(O)cc(O)c4c3=O)C(O)C(O)C2O)C(O)C(O)C1O,Negative
O=c1cc(-c2ccc(O)cc2)oc2cc(O)c(C3OC(CO)C(O)C(O)C3OC3OC(CO)C(O)C(O)C3O)c(O)c12,Negative
Oc1cc(O)c2c(c1)OC(c1ccc(O)c(O)c1)C(OC1(c3ccc(O)c(O)c3)Oc3cc(O)cc(O)c3C(O)C1O)C2,Negative
CC(C=CC=C(C)C=CC1=C(C)C(=O)C(O)CC1(C)C)=CC=CC=C(C)C=CC=C(C)C=CC1=C(C)C(=O)C(O)CC1(C)C,Negative
COc1ccc2cc1Oc1ccc(cc1)CC1c3c(cc4c(c3Oc3cc5c(cc3OC)CCN(C)C5C2)OCO4)CCN1C,Negative
COc1ccc(-c2cc(=O)c3c(O)cc(OC4OC(COC5OC(C)C(O)C(O)C5O)C(O)C(O)C4O)cc3o2)cc1O,Negative
CC1OC(OC2C(OC(=O)C=Cc3ccc(O)c(O)c3)C(CO)OC3OCC(c4ccc(O)c(O)c4)OC32)C(O)C(O)C1O,Negative
CC(C)=CCCC(C)(O)C1CCC2(C)C1C(O)CC1C3(C)CCC(OC4OC(CO)C(O)C(O)C4O)C(C)(C)C3CCC12C,Negative
CC1(C)CCC2(C(=O)O)CCC3(C)C(=CCC4C5(C)CCC(OC6OC(C(=O)O)C(O)C(O)C6O)C(C)(C)C5CCC43C)C2C1,Negative
O=C(OCC1OC(O)C(O)(COC(=O)c2cc(O)c(O)c(O)c2)C1OC(=O)c1cc(O)c(O)c(O)c1)c1cc(O)c(O)c(O)c1,Negative
CC(C)=CCCC1(C)CC(O)c2c(O)c3c(c(CC=C(C)C)c2O1)OC12C(=CC4CC1C(C)(C)OC2(CC=C(C)C(=O)O)C4=O)C3=O,Negative
CC1(C)CCC2(C(=O)OC3OC(CO)C(O)C(O)C3O)CCC3(C)C(=CCC4C5(C)CC(O)C(O)C(C)(C)C5CCC43C)C2C1O,Negative
CC(C)CC1C(=O)N2CCCC2C2(O)OC(NC(=O)C3C=C4c5cccc6[nH]c(Br)c(c56)CC4N(C)C3)(C(C)C)C(=O)N12,Negative
CC(=O)OC1CC(C)(C)C(=C=CC(C)=CC=CC(C)=CC=CC=C(C)C=CC=C(C)C(=O)CC23OC2(C)CC(O)CC3(C)C)C(C)(O)C1,Negative
OCC1OC(OCC2OC(OCC3OC(OC4(CO)OC(CO)C(O)C4O)C(O)C(O)C3O)C(O)C(O)C2O)C(O)C(O)C1O,Negative
COc1cc(C(O)C(CO)Oc2ccc(C=CC(=O)OC3OC(Oc4ccc5ccc(=O)oc5c4)C(O)C(O)C3O)cc2OC)ccc1O,Negative
CC=C1C(OC2OC(CO)C(O)C(O)C2O)OC=C(C(=O)OC)C1CC(=O)OCC1OC(OCCc2ccc(O)cc2)C(O)C(O)C1O,Negative
O=C1OCC2OC(Oc3cc(O)c4c(c3)OC(c3ccccc3)CC4=O)C(O)C(O)C2C(=O)c2cc(O)c(O)c(O)c2-c2c1cc(O)c(O)c2O,Negative
COc1ccc(C(O)C(C)Oc2ccc(C3OC(c4ccc(OC(C)C(O)c5ccc6c(c5)OCO6)c(OC)c4)C(C)C3C)cc2OC)cc1OC,Negative
O=C(C=Cc1ccc(O)c2c1C(C(=O)OC(Cc1ccc(O)c(O)c1)C(=O)O)C(c1ccc(O)c(O)c1)O2)OC(Cc1ccc(O)c(O)c1)C(=O)O,Negative
CC(=O)OC(C)(C)C=CC(=O)C(C)(O)C1C(O)CC2(C)C3CC=C4C(C=C(OC5OC(CO)C(O)C(O)C5O)C(=O)C4(C)C)C3(C)C(=O)CC12C,Negative
CC=C(C)C(=O)OC1CC(OC(C)=O)C2(C(=O)OC)COC3C2C12COC(O)(C(=O)OC)C2C(C)(C12OC1(C)C1CC2OC2OC=CC21O)C3O,Negative
O=C1OCC2OC(Oc3cc(O)c(C(=O)CCc4ccccc4)c(O)c3)C(O)C(O)C2OC(=O)c2cc(O)c(O)c(O)c2-c2c1cc(O)c(O)c2O,Negative
COc1ccc(C(O)C(C)Oc2ccc(C3OC(c4ccc(OC(C)C(O)c5ccc(OC)c(OC)c5)c(OC)c4)C(C)C3C)cc2OC)cc1OC,Negative
CC1CCC2(OC1)OC1CC3C4CC=C5CC(OC6OC(CO)C(O)C(O)C6OC6OC(C)C(O)C(O)C6O)CCC5(C)C4CCC3(C)C1(O)C2C,Negative
CC1OC(OCC2OC(Oc3c(-c4ccc(OCCO)c(OCCO)c4)oc4cc(OCCO)cc(O)c4c3=O)C(O)C(O)C2O)C(O)C(O)C1O,Negative
COc1cc(C2OCC3C(c4cc(OC)c(OC5OC(CO)C(O)C(O)C5O)c(OC)c4)OCC23)cc(OC)c1OC1OC(CO)C(O)C(O)C1O,Negative
CC1(C)CCC2(C(=O)O)CCC3(C)C(=CCC4C5(C)CCC(OC6OCC(O)C(O)C6OC6OC(CO)C(O)C(O)C6O)C(C)(C)C5CCC43C)C2C1,Negative
CC(C)=CCC=C(C)C1CCC2(C)C1C(O)CC1C3(C)CCC(OC4OC(CO)C(O)C(O)C4OC4OC(CO)C(O)C(O)C4O)C(C)(C)C3CCC12C,Negative
C=C(CCC=C(C)C)C1CCC2(C)C1C(O)CC1C3(C)CCC(OC4OC(CO)C(O)C(O)C4OC4OC(CO)C(O)C(O)C4O)C(C)(C)C3CCC12C,Negative
CC(C)=CCCC(C)(O)C1C(=O)CC2(C)C1CCC1C3(CO)CCC(OC4OC(CO)C(OC5OCC(O)C(O)C5O)C(O)C4O)C(C)(C)C3CCC12C,Negative
CC(C)=CCCC(C)(O)C1CCC2(C)C1C(O)CC1C3(C)CCC(O)C(C)(C)C3C(OC3OC(CO)C(O)C(O)C3OC3OC(C)C(O)C(O)C3O)CC12C,Negative
CC(C)=CCCC(C)(O)C1CCC2(C)C1C(O)CC1C3(C)CCC(OC4OC(CO)C(O)C(O)C4OC4OC(CO)C(O)C(O)C4O)C(C)(C)C3CCC12C,Negative
O=C(OCC1OC(OC(=O)c2cc(O)c(O)c(O)c2)C(OC(=O)c2cc(O)c(O)c(O)c2)C(OC(=O)c2cc(O)c(O)c(O)c2)C1O)c1cc(O)c(O)c(O)c1,Negative
CC1(C)CCC2(C(=O)O)CCC3(C)C(=CCC4C5(C)CC(O)C(OC6OC(C(=O)O)C(O)C(O)C6OC6OCC(O)C(O)C6O)C(C)(C=O)C5CCC43C)C2C1,Negative
CC1(C)CCC2(C(=O)OC3OC(CO)C(O)C(O)C3O)CCC3(C)C(=CCC4C5(C)CCC(OC6OC(C(=O)O)C(O)C(O)C6O)C(C)(C)C5CCC43C)C2C1,Negative
CC(=O)OC1C(OC2CCC34CC35CCC3(C)C(C6(C)CCC(C(C)(C)O)O6)C(O)CC3(C)C5CC(OC3OC(CO)C(O)C(O)C3O)C4C2)OCC(O)C1O,Negative
CC(C)=CCCC(C)(OC1OC(CO)C(O)C(O)C1O)C1CCC2(C)C1C(O)CC1C3(C)CCC(O)C(C)(C)C3C(OC3OC(CO)C(O)C(O)C3O)CC12C,Negative
CC(C)=CCCC(C)(O)C1CCC2(C)C1C(O)CC1C3(C)CCC(O)C(C)(C)C3C(OC3OC(CO)C(O)C(O)C3OC3OC(CO)C(O)C(O)C3O)CC12C,Negative
C=C1CC23CCC4C(C)(C(=O)OC5OC(CO)C(O)C(O)C5O)CCCC4(C)C2CCC1(OC1OC(CO)C(O)C(O)C1OC1OC(CO)C(O)C(O)C1O)C3,Negative
CC(=O)OCC1OC(OC2C(OC3CCC4(C)C(CCC5(C)C4CC(O)C4C(C(C)=CCC=C(C)C)CCC45C)C3(C)C)OC(CO)C(O)C2O)C(O)C(O)C1O,Negative
CC(CC=CCC(C)C(=O)OC1OC(Oc2ccc3ccc(=O)oc3c2)C(O)C(O)C1O)C(=O)OCC1OC(Oc2ccc3ccc(=O)oc3c2)C(CO)C(O)C1O,Negative
CC(C)C(=O)CCC1(C)CC(O)C2(C)C(C(=O)CC3C4(C)CCC(OC5OC(CO)C(O)C(O)C5OC5OC(CO)C(O)C(O)C5O)C(C)(C)C4CCC32C)C1O,Negative
OCC1OC(OCC2OC(OCC3OC(OCC4OC(OC5(CO)OC(CO)C(O)C5O)C(O)C(O)C4O)C(O)C(O)C3O)C(O)C(O)C2O)C(O)C(O)C1O,Negative
CC1CCC2(OC1)OC1CC3C4CC=C5CC(OC6OC(CO)C(OC7OC(CO)C(O)C7O)C(O)C6OC6OC(C)C(O)C(O)C6O)CCC5(C)C4CCC3(C)C1C2C,Negative
CC1CCC2(OC1)OC1CC3C4CC=C5CC(OC6OC(CO)C(OC7OC(CO)C(O)C7O)C(OC7OC(C)C(O)C(O)C7O)C6O)CCC5(C)C4CCC3(C)C1C2C,Negative
CC1CCC2(NC1)OC1CC3C4CC=C5CC(OC6OC(CO)C(OC7OC(C)C(O)C(O)C7O)C(O)C6OC6OC(C)C(O)C(O)C6O)CCC5(C)C4CCC3(C)C1C2C,Negative
CC1CCC2C(C)C3C(CC4C5CC=C6CC(OC7OC(CO)C(O)C(OC8OC(CO)C(O)C(O)C8O)C7OC7OC(C)C(O)C(O)C7O)CCC6(C)C5CCC43C)N2C1,Negative
CC1CCC2(OC1)OC1CC3C4CCC5CC(OC6OC(CO)C(OC7OC(C)C(O)C(O)C7O)C(O)C6OC6OC(C)C(O)C(O)C6O)CCC5(C)C4CCC3(C)C1C2C,Negative
O=C(OC1C(O)C(Oc2cc(O)c(C(=O)CCc3ccccc3)c(O)c2)OC2COC(=O)c3cc(O)c(O)c(O)c3-c3c(cc(O)c(O)c3O)C(=O)OC21)c1cc(O)c(O)c(O)c1,Negative
CC1OC(OC2C(OC3C(OC4CCC5(C)C(CCC6(C)C5CC=C5C7CC(C)(C)CCC7(C(=O)O)CCC56C)C4(C)C)OCC(O)C3O)OC(CO)C(O)C2O)C(O)C(O)C1O,Negative
CC(C)=CC1COC23CC4(CO2)C(CCC2C5(C)CCC(OC6OCC(O)C(OC7OC(CO)C(O)C(O)C7O)C6OC6OC(CO)C(O)C6O)C(C)(C)C5CCC24C)C3C1(C)O,Negative
COc1cc(C2c3cc4c(cc3C(O)C(CO)C2C(=O)O)OCO4)cc(OC)c1OC,Negative
O=C(O)c1cc(O)c2c(c1)C(C1c3cc(C(=O)O)cc(O)c3C(=O)c3c(OC4OC(CO)C(O)C(O)C4O)cccc31)c1cccc(OC3OC(CO)C(O)C(O)C3O)c1C2=O,Positive
C=C1C2CCC3C4(C)CC(OC5OC(CO)C(OS(=O)(=O)O)C(OS(=O)(=O)O)C5OC(=O)CC(C)C)CC(C(=O)O)C4CCC3(C2)C1O,Positive
CC1NC(=O)C(CC(C)(O)CO)NC(=O)C2Cc3c([nH]c4ccccc34)SCC(NC(=O)C(C(C)O)NC1=O)C(=O)N1CC(O)CC1C(=O)NC(C)C(=O)N2,Positive
C=C1C2CCC3C4(C)CC(OC5OC(CO)C(OS(=O)(=O)O)C(OS(=O)(=O)O)C5OC(=O)CC(C)C)CC(C(=O)O)(C(=O)O)C4CCC3(C2)C1O,Positive
Oc1ccc(C2Oc3cc(O)c4c5c3C2c2cc(O)cc(O)c2C(c2ccc(O)cc2)C5C(c2cc(O)cc(O)c2)C4c2ccc(O)cc2)cc1,Positive
Cc1cc(O)c2c(c1)C(C1c3cc(C)cc(O)c3C(=O)c3c(OC4OC(CO)C(O)C(O)C4O)cc(O)cc31)c1cc(O)cc(O)c1C2=O,Positive
CCN1CC2(COC)C(O)CC(OC)C34C5CC6(O)C(OC)C(O)C(OC(C)=O)(C5C6OC(=O)c5ccccc5)C(C(OC)C23)C14,Positive
CC(=O)OC1CC2C(C)(C3=CCC(c4ccoc4)C31C)C(O)C1OCC3(C)C(O)CC(OC(=O)C=Cc4ccccc4)C2(C)C13,Positive
CC=C(C)C(=O)OC1C2OCC3(C)C(OC(C)=O)CC(O)C(C)(C23)C2CC(OCC)OC3CC(c4ccoc4)C(C)=C3C12C,Positive
CCC1NC(=O)CC(c2ccccc2)NC(=O)C(CO)NC(=O)C(C(C)O)NC(=O)C2C(Cl)C(Cl)CN2C1=O,Positive
CC(=O)OC1CC(O)C23COC(O)C1(C)C2CC(O)C1(C)C2C(=O)CC(c4ccoc4)C2(C)C(OC(C)=O)C(=O)C13,Positive
CC(C)=CCCC1(C)C(CC=C(C)C)CC2(CC=C(C)C)C(=O)C1(C(=O)C(C)C)C(=O)C(CC=C(C)C)=C2O,Positive
Cc1cc(O)c2c(c1)C(C1c3cc(C)cc(O)c3C(=O)c3c(O)cc(O)cc31)c1cc(O)cc(O)c1C2=O,Positive
O=C(C=Cc1ccc(O)c(O)c1C=Cc1ccc(O)c(O)c1)OC(Cc1ccc(O)c(O)c1)C(=O)O,Positive
CC(C)=CCCC1C(=O)OC2CC3(C)C4=CC(=O)C5C(C)(C)C(O)CCC5(C)C4CCC3(C)C21,Positive
CC=C1C(=O)OC2CC[N+]3(C)CC=C(COC(=O)C(C)(OC(C)=O)C(C)C1OC(C)=O)C23O,Positive
CC(C1CCC2C3CCC4C(=O)C(NC(=O)c5ccccc5)=CCC4(C)C3CCC21C)N(C)C,Positive
CC(=O)OC1(C)C(=O)OCC2=CCN(C)CCC(OC(=O)C(O)(C(C)Cl)CC1C)C2=O,Positive
O=C(OC1Cc2c(O)cc(O)cc2OC1c1cc(O)c(O)c(O)c1)c1cc(O)c(O)c(O)c1,Positive
CC(C)=CCCC1C(=O)OC2CC3(C)C4=CCC5C(C)(C)C(=O)CCC5(C)C4CCC3(C)C21,Positive
CC(CCCC(CO)CO)C1CCC2C3C(O)CC4CC(O)CCC4(C)C3CC(O)C12C,Positive
CC(C)(OC1OC(CO)C(O)C(O)C1O)C1CCC(O)(CO)C2CC(=O)C(C)(O)C2C1,Positive
CC(=O)OC1(C)C(=O)OCC2=CCN(C)CCC(OC(=O)C(O)(C(C)O)CC1C)C2=O,Positive
CC(C)C1(O)CC(=O)OC(C)C(O)(C(C)C)C(=O)OCC2=CCN3CCC(OC1=O)C23,Positive
CC=C(C)C(=O)OC1CCN2CC=C(COC(=O)C(O)(C(C)OC(C)=O)C(C)(C)O)C12,Positive
CC(=O)c1c(C)cc2ccc(-c3ccc4cc(C)c(C(C)=O)c(O)c4c3O)c(O)c2c1O,Positive
C=C(C)C(CC=C(C)C)Cc1c(O)cc(OC)c2c1OC(c1ccc(O)cc1O)CC2=O,Positive
C=C(C)C(CC=C(C)C)Cc1c(O)cc(O)c2c1OC(c1ccc(O)cc1O)CC2=O,Positive
COC(=O)C(O)CC(O)(C(=O)OC)C1Cc2c(oc3cc(C)cc(O)c3c2=O)S1,Positive
CC(=O)OC1(C)C(=O)OCC2=CCN(C)CCC(OC(=O)C3(CC1C)OC3C)C2=O,Positive
CC=C(C)C(=O)OC1CCN2CC=C(COC(=O)C(O)(C(C)OC)C(C)(C)O)C12,Positive
CC=C1CC(C)C(C)(OC(C)=O)C(=O)OCC2=CCN(C)CCC(OC1=O)C2=O,Positive
C=CC1=CC(C)C(C)(OC(C)=O)C(=O)OCC2=CC[N+]3(C)CCC(OC1=O)C23[O-],Positive
CNC(C)C1C(O)CC2(C)C3CCC4C(C)(C)C(NC)CCC45CC35CCC12C,Positive
COC(=O)C1CC2CC3C1(C(=O)O2)C1CC2(OC(c4ccoc4)CC32C)C(=O)O1,Positive
COc1cc2c(c(OC)c1OC)-c1c(cc3c(c1OC)OCO3)CC(C)C(C)C2,Positive
CCC1(O)CC(C)C(C)(OC(C)=O)C(=O)OCC2=CCN3CCC(OC1=O)C23,Positive
COc1cc2c(cc1OC)C1C(=O)c3ccc4c(c3OC1CO2)C=CC(C)(C)O4,Positive
COc1cc2c3c(c4cc(OC)c(OC)cc4c2cc1OC)CN1CCCC1C3,Positive
CC=C(C)C(=O)OC1CCN2CC=C(COC(=O)C3(O)C(C)OC(=O)C3C)C12,Positive
CC=C1CC(C)C(C)(OC(C)=O)C(=O)OCc2ccn3c2C(CC3=O)OC1=O,Positive
CC(=O)OC1CC2C(=O)OC(c3ccoc3)CC2(C)C2CC3CC(C(=O)O3)C12,Positive
O=C1OC2CC1C13CCC4(O)C(=O)OC(c5ccoc5)CC4(COC1=O)C3C2,Positive
CC1CC(O)(C(C)Cl)C(=O)OC2CCN3CC=C(COC(=O)C1(C)O)C23,Positive
CCC1C(=O)OC2CCN(C)CC=C(COC(=O)C(C)(O)C(C)C1O)C2=O,Positive
COC(=O)C1=COC(C)C2CN3CCc4c([nH]c5ccc(OC)cc45)C3CC12,Positive
CC=C1CC(C)C(O)(CO)C(=O)OCC2=CC[N+]3(C)CCC(OC1=O)C23O,Positive
CC=C(C)C(=O)OC1CCN2CC=C(COC(=O)C(O)(C(C)C)C(C)O)C12,Positive
CC1CC2(OC2C)C(=O)OC2CCN(C)CC=C(COC(=O)C1(C)O)C2=O,Positive
CCC12C(=O)OC3CC[N+]4(C)CC=C(COC(=O)C(C)(OC1=O)C2C)C34O,Positive
COC(=O)C1CC(O)CC2C1C(=O)CC1C(=O)OC(c3ccoc3)CC12C,Positive
COC(=O)C1CC(O)CC2C1C1CC3(OC(c4ccoc4)CC23C)C(=O)O1,Positive
CC1CC(O)(C(C)O)C(=O)OC2CCN3CC=C(COC(=O)C1(C)O)C23,Positive
CC1C(C)C(O)(CO)C(=O)OC2CCN3CC=C(COC(=O)C1(C)O)C23,Positive
CC(C)C1C(=O)OC2CCN3CC=C(COC(=O)C(O)(C(C)O)C1O)C23,Positive
CC(C)C1C(=O)OC2CC[N+]3(C)CC=C(COC(=O)C(C)(O)C1C)C23O,Positive
CC=C1CC(C)C(O)(CO)C(=O)OCC2=CC[N+]3([O-])CCC(OC1=O)C23,Positive
C=C1CC(CC)C(=O)OC2CC[N+]3(C)CC=C(COC(=O)C1(C)O)C23O,Positive
CC1OCC23CC1(O)C(=O)OC1CCN4CC=C(COC(=O)C2(C)O3)C14,Positive
C=C1CC(=CC)C(=O)OC2CC[N+]3([O-])CC=C(COC(=O)C1(O)CO)C23,Positive
CC12CC(c3ccoc3)OC13CC(OC3=O)C1C(C(=O)O)CC(O)CC12,Positive
COc1cc(O)c2c(=O)c(OC)c(-c3ccc(OC)c(OC)c3)oc2c1,Positive
CC(=O)OC1CCN2CC=C(COC(=O)C(O)(C(C)O)C(C)(C)O)C12,Positive
COc1cc2c(cc1OC)C1Cc3ccc(OC)c(OC)c3CN1CC2,Positive
O=C(C=Cc1ccc(O)c(O)c1)OC1CC(O)(C(=O)O)CC(O)C1O,Positive
CC(C)C1C(=O)OC2CCN3CC=C(COC(=O)C(C)(O)C1(C)O)C23,Positive
CC=C1CC(C)C(C)(O)C(=O)OCC2C(O)CN3CCC(OC1=O)C23,Positive
CN1Cc2c(ccc3c2OCO3)C2C(O)Cc3cc4c(cc3C21)OCO4,Positive
CC=C1CC(C)C(C)(O)C(=O)OCC2=CC[N+]3([O-])CCC(OC1=O)C23,Positive
CC=C1CC(C)C(C)(O)C(=O)OCC2=CCN3CC(O)C(OC1=O)C23,Positive
CC=C1CC(C)C(C)(O)C(=O)OCC2=CCN3CC(OC1=O)C(O)C23,Positive
C=C1C(=O)OC2CCN3CC=C(COC(=O)C(C)(O)C4(CO4)C1C)C23,Positive
C=C1CC(=CC)C(=O)OC2CC[N+]3([O-])CC=C(COC(=O)C1(C)O)C23,Positive
C=C1CC2(OC2C)C(=O)OC2CCN3CC=C(COC(=O)C1(C)O)C23,Positive
C=C1CC(=CC)C(=O)OC2CCN3CC=C(COC(=O)C1(O)CO)C23,Positive
COc1cc2c[n+](C)c3c4cc5c(cc4ccc3c2cc1OC)OCO5,Positive
COc1ccc2c(c[n+](C)c3c4cc5c(cc4ccc23)OCO5)c1OC,Positive
CCC1(O)C(=O)OCc2c1cc1n(c2=O)Cc2cc3ccccc3nc2-1,Positive
CC1C(O)C2OC(=O)C3=C2C(CCC3)C12CC(c1ccoc1)OC2=O,Positive
CC12CC(c3ccoc3)OC(=O)C1CC(=O)C1C3CC(CC12)OC3=O,Positive
CC(=O)c1c(O)c(C)c(O)c2c1OC1=CC(=O)C(C(C)=O)C(=O)C12C,Positive
CC(=O)OC1CCN2CC=C(COC(=O)C(O)(C(C)C)C(C)O)C12,Positive
CC1C(=O)OC2CC[N+]3([O-])CC=C(COC(=O)C(C)(O)C1(C)O)C23,Positive
COc1ccc(Cc2nccc3cc(OC)c(OC)cc23)cc1OC,Positive
COc1cc2c(cc1CC=C(C)C)C(=O)CC(c1ccc(O)cc1)O2,Positive
CC1=CC(=O)OC2CCN3CCC(COC(=O)C(C)(O)C(C)C1)C23,Positive
CC(C)C1C(=O)OC2CCN3CC=C(COC(=O)C(C)(O)C1C)C23,Positive
CC1CC2(C)CC(=O)OC3CCN4CCC(COC(=O)C1(C)O2)C34,Positive
CC=C1CC(C)C(C)(O)C(=O)OCC2CCN3CCC(OC1=O)C23,Positive
CC=C(C)C(=O)OC1CCN2CCC(COC(=O)C(=CC)CO)C12,Positive
COc1ccc2cc3[n+](cc2c1OC)CCc1cc2c(cc1-3)OCO2,Positive
CC1=CC(=O)OC2CCN3CC=C(COC(=O)C(C)(O)C(C)C1)C23,Positive
C=C1CC(=CC)C(=O)OC2CCN3CC=C(COC(=O)C1(C)O)C23,Positive
C[n+]1cc2c3c(ccc2c2ccc4cc5c(cc4c21)OCO5)OCO3,Positive
COC(C)C(O)(C(=O)OCC1=CCN2CCC(O)C12)C(C)(C)O,Positive
CC1CC2OC(=O)C3=C2C(CCC3)C12CC(c1ccoc1)OC2=O,Positive
CCC1C2CC3C4N(C)c5ccccc5C45CC(C2C5O)N3C1O,Positive
CC1C(=O)OC2CCN3CC=C(COC(=O)C(C)(O)C1(C)O)C23,Positive
CC1C(=O)OC2CCn3ccc(c32)COC(=O)C(C)(O)C1(C)O,Positive
C=CC12CN(C)C3C4COC(CC41)C1(C(=O)Nc4ccccc41)C32,Positive
CC=C1CC(C)C(O)C(=O)OCC2=C3C(CCN3CC2)OC1=O,Positive
c1c2c(cc3c1OCO3)-c1cc3ccc4c(c3c[n+]1CC2)OCO4,Positive
CCCCC=CC=CC1CCCC2CCC(OC(C)=O)C(C)N12,Positive
CC(C)c1ccc2c(c1O)CCC1C3=C(CCC21C)C(=O)OC3,Positive
CC1C(=O)OCC2=CCN3CCC(OC(=O)C(C)C1(C)O)C23,Positive
C=C1C(=O)OC2CC(C)C3C=CC(=O)C3(C)C(OC(C)=O)C12,Positive
CC(Cc1ccc(O)c(O)c1)C(C)Cc1ccc(O)c(O)c1,Positive
O=c1c2ccccc2ncn1CC1(O)CC2NCCCC2O1,Positive
O=C(CC1NCCCC1O)Cn1cnc2ccccc2c1=O,Positive
CC(C)C(O)(C(=O)OCC1=CCN2CCC(O)C12)C(C)O,Positive
COC(C)C(O)(C(=O)OCC1=CCN2CCCC12)C(C)C,Positive
COc1ccc2c(c1OC)CN1CCc3ccccc3C1C2,Positive
C=C(C)C1C2OC(=O)C1C1(O)C3OC3C3(CO3)C1(C)C2O,Positive
COc1cc2c(cc1O)C1C(O)C(O)C=C3CCN(C2)C31,Positive
OC1CC2CCN3Cc4cc5c(cc4C(C1O)C23)OCO5,Positive
CC(=O)OC1C=CC(=O)N(C(=O)CCc2ccccc2)C1,Positive
OC1C=C2CCN3Cc4cc5c(cc4C(C1O)C23)OCO5,Positive
CC(C=CC1=C(C)CCCC1(C)C)=CC=CC(C)=CCO,Positive
CC12CCC3C(CCC4=CC(=O)CCC43C)C1CCC2=O,Positive
O=c1cc(-c2ccc(O)c(O)c2)oc2cc(O)cc(O)c12,Positive
CC(C)C(O)(C(=O)OCC1CCN2CCCC12)C(C)O,Positive
COc1ccc2c3c1OC1CC(=O)C=CC31CCN(C)C2,Positive
O=C(C=CC=Cc1ccc2c(c1)OCO2)N1CCCCC1,Positive
COc1cc(O)c(C(=O)C=Cc2ccccc2)c(OC)c1,Positive
COc1cc(O)c2c(c1)C(=O)c1cc(C)cc(O)c1C2=O,Positive
O=C(O)c1cc(O)c2c(c1)C(=O)c1cccc(O)c1C2=O,Positive
CC(C)C(O)(C(=O)OCC1=CCN2CCCC12)C(C)O,Positive
C=C1C(=O)OC2CC(C)C3CC(O)OC(O)C3(C)CC12,Positive
CCCCCC=CCC=CCCCCCCCC(=O)O,Positive
CCCCC=CC=CC=CCCCCCCCC(=O)O,Positive
CC(C)CC=CC=CC=CCCCCCCCC(=O)O,Positive
CC(=O)OC1CC2C(C)CC(=O)C(C(C)C)C2C=C1C,Positive
C=C(C)C1C2CC3(C)C4(CO4)C4OC4C3(O)C1C(=O)O2,Positive
COC1=CC(=O)OC(C=Cc2ccc3c(c2)OCO3)C1,Positive
CC(C)=CCOc1c2ccoc2cc2oc(=O)ccc12,Positive
CC(C)=CCOc1c2occc2cc2ccc(=O)oc12,Positive
Cc1cc(O)c2c(c1)C(=O)c1cc(O)cc(O)c1C2=O,Positive
O=C1c2cccc(O)c2C(=O)c2c(O)cc(CO)cc21,Positive
O=c1cc(-c2ccc(O)cc2)oc2cc(O)cc(O)c12,Positive
C=C1C(=O)OC2CC(C)C3CC(O)C(O)C3(C)CC12,Positive
C=C1C(=O)OC2CC(C)C3CCC(=O)C3(C)C(O)C12,Positive
C=C1C(=O)OC2CC(C)C3C=CC(=O)C3(C)C(O)C12,Positive
CCN(N=O)C(C)Cc1cccc(C(F)(F)F)c1,Positive
CCCCCCCCCCCCCCCC(=O)O,Positive
C=CC(C)(C=Cc1ccc(O)cc1)CCC=C(C)C,Positive
Cc1cc(O)c2c(c1)C(=O)c1cccc(O)c1C2=O,Positive
O=C(O)CCCCCCCCCCC1C=CCC1,Positive
CC(C)=C1CC2C(CCC2(C)O)C(C)(O)CC1=O,Positive
CC1=CC(=O)C(=C(C)C)CC2C(C)(O)CCC12O,Positive
C=C1C(=O)OC2CC3(C)CCCC(=C)C3(O)CC12,Positive
C=C1C(=O)OC2C1CCC1(C)C(O)CCC(=C)C21,Positive
C=C1C(=O)OC2CC3(C)C(O)CCC(=C)C3CC12,Positive
C=C1C(=O)OC2C1CCC1(C)C(O)CC=C(C)C21,Positive
CC1=C2C3OC(=O)C(C)C3CCC2(C)C=CC1=O,Positive
COc1ccc2ccc(=O)oc2c1CC=C(C)C,Positive
Cc1cc(O)c2c(O)c3c(O)cccc3cc2c1,Positive
O=C1c2cccc(O)c2C(=O)c2c(O)cccc21,Positive
O=C1c2ccccc2C(=O)c2c1ccc(O)c2O,Positive
CC=C(C)C(=O)OC1CCN2CC=C(CO)C12,Positive
COC(=O)C1=CCCN(C)C1,Positive
CC1=CCC(=C(C)CO)C(=O)CC(C)=CCC1,Positive
CC1=CC2C(CC1=O)C(C)CC(=O)C2C(C)C,Positive
CC1=CC2C(=C(C)C)C(=O)CC(C)C2CC1=O,Positive
COC1=CC(=O)OC(CCc2ccccc2)C1,Positive
C=C1C(=O)OC2C1CCC(=C)C1CCC(=C)C12,Positive
COC1=CC(=O)OC(C=Cc2ccccc2)C1,Positive
CCCCCCCCCCCCCC(=O)O,Positive
O=C1c2ccccc2C(=O)c2c(O)cccc21,Positive
C=CC1(C)CCC(C(C)(C)O)CC1C(=C)C,Positive
C[N+]12CC=C(CO)C1(O)C(O)CC2,Positive
C=C(CO)C1CCC2(C)CCC=C(C)C2C1,Positive
CC1=CCC(=C(C)C)C(=O)CC(C)=CCC1,Positive
Cn1cc(CC(N)C(=O)O)c2ccccc21,Positive
O=C1C=C2C=CC3CC2(O1)C1CCCCN31,Positive
COc1c2ccoc2cc2oc(=O)ccc12,Positive
COc1c2occc2cc2ccc(=O)oc12,Positive
Cc1cc2occ(C)c2c2c1CCC(C)C2,Positive
CC1=Cc2c(c(C)cc3occ(C)c23)CC1,Positive
CCC1C(=O)OCC1Cc1cncn1C,Positive
CC=Cc1cc(OC)c(OC)cc1OC,Positive
C=CCc1ccc(OC(C)=O)c(OC)c1,Positive
COc1c2ccccc2nc2occc12,Positive
CC12C(=O)OC(=O)C1(C)C1CCC2O1,Positive
C=CCc1cc(OC)c2c(c1)OCO2,Positive
CC1=CC(=O)c2c(O)cccc2C1=O,Positive
O=c1ccc2cc3ccoc3cc2o1,Positive
S=C=Nc1cccc2ccccc12,Positive
CN1CC=C(CO)C(=O)C(O)CC1,Positive
CC1OC(C[N+](C)(C)C)CC1O,Positive
O=C(O)c1cc(O)c(O)c(O)c1,Positive
CC1CCC(C2(C)CO2)C(=O)C1,Positive
O=C1OC(=O)C2C3CCC(O3)C12,Positive
CNC(C)C(O)c1ccccc1,Positive
C=CCc1ccc(O)c(OC)c1,Positive
COc1ccn(C)c(=O)c1C#N,Positive
CC(=O)NC(CS)C(=O)O,Negative
O=c1ccc2ccc(O)cc2o1,Positive
CC1CCC(C(C)C)C(O)C1,Positive
OCC1=CCN2CCC(O)C12,Positive
C=C(C)C1CCC(C)CC1O,Positive
CC(C)=C1CCC(C)CC1O,Positive
CC1CCC(C(C)C)C(=O)C1,Positive
OCc1ccn2c1C(O)CC2,Positive
CC(C)=C1CCC(C)CC1=O,Positive
CC1=CC(=O)C(C(C)C)CC1,Positive
CC12CCC(CC1=O)C2(C)C,Positive
CC(C)=CCCC(C)=CC=O,Positive
COc1cc(C=O)ccc1O,Positive
Cc1coc2c1CCC(C)C2,Positive
CC1=CC(=O)C(=C(C)C)CC1,Positive
O=c1ccc2ccccc2o1,Positive
C[N+]1(C)CCCC1C(=O)[O-],Positive
CC(=O)CC1CCCCN1,Positive
OCC1CCN2CCCC12,Positive
CC(C)=C1CCCCC1=O,Positive
O=C(O)c1ccccc1O,Positive
C=C(C)C1CC=C(C)CC1,Positive
c1ccc2ccccc2c1,Positive
Oc1cccc(O)c1O,Positive
CC1CCCC(=O)C1,Positive
CCCCC(=O)O,Positive
CC(C)=CC(=O)O,Positive
O=[N+]([O-])c1cccc([N+](=O)[O-])c1,Positive
C#CC1(O)CCC2C3CCc4cc(OS(=O)(=O)O)ccc4C3CCC21C,Positive
Cc1c([N+](=O)[O-])cc([N+](=O)[O-])cc1[N+](=O)[O-],Positive
O=[N+]([O-])c1ccc(O)c([N+](=O)[O-])c1,Positive
CC(=O)Nc1ccc2c(c1)Cc1ccccc1-2,Positive
CCN(CC)CCOC(=O)c1ccc(N)cc1Cl,Negative
CCOCCO,Positive
Oc1ccc2ccccc2c1,Positive
Cc1ccc2cc3c(ccc4ccccc43)c3c2c1CC3,Positive
Nc1[nH]c(=O)ncc1F,Positive
NC1=NC(=S)C2N=CN=C2N1,Positive
CC(=O)NCCCS(=O)(=O)O,Negative
COc1ccc2c(c1)c(CC(=O)OCC(=O)O)c(C)n2C(=O)c1ccc(Cl)cc1,Positive
CC(=O)CC(c1ccc([N+](=O)[O-])cc1)c1c(O)oc2ccccc2c1=O,Positive
CC(=O)c1ccc(S(=O)(=O)NC(=O)NC2CCCCC2)cc1,Positive
CC(C)(O)C#N,Positive
CC(=O)c1ccc2c(c1)N(CCCN1CCN(CCO)CC1)c1ccccc1S2,Positive
CC(=O)OCC[N+](C)(C)C,Negative
NC(C(=O)O)C1CC(Cl)=NO1,Negative
O=C(OC1C[N+]2(CCCOc3ccccc3)CCC1CC2)C(O)(c1cccs1)c1cccs1,Negative
Cc1ccc(C(=CCN2CCCC2)c2cccc(C=CC(=O)O)n2)cc1,Negative
CC(C)(C)C(=O)OCOP(=O)(COCCn1cnc2c(N)ncnc21)OCOC(=O)C(C)(C)C,Positive
O=C(O)C1=CC(=NNc2ccc(O)c(C(=O)O)c2)C=CC1=O,Positive
COc1ccc(C=C2CCCN=C2c2cccnc2)c(OC)c1,Positive
COc1cc2c(c3oc(=O)c4c(c13)CCC4=O)C1C=COC1O2,Positive
CC(=O)SCC(C)C(=O)N1CCCC1C(=O)NC(Cc1ccccc1)C(=O)O,Positive
Oc1ccc(OCc2ccccc2)cc1,Negative
CC1CC2C3C(Cl)CC4=CC(=O)C=CC4(C)C3C(O)CC2(C)C1(O)C(=O)CO,Negative
CCC(=O)OCC(=O)C1(OC(=O)CC)C(C)CC2C3C(Cl)CC4=CC(=O)C=CC4(C)C3C(O)CC21C,Negative
ClC1=C(Cl)C2(Cl)C3C4C=CC(C4)C3C1(Cl)C2(Cl)Cl,Positive
CCC(=O)N(c1ccccc1)C1(COC)CCN(CCn2nnn(CC)c2=O)CC1,Negative
COc1cc2nc(N(C)CCCNC(=O)C3CCCO3)nc(N)c2cc1OC,Positive
COCCCOc1cc(CC(CC(N)C(O)CC(C(=O)NCC(C)(C)C(N)=O)C(C)C)C(C)C)ccc1OC,Negative
CN(C)CCc1c[nH]c2ccc(CS(=O)(=O)N3CCCC3)cc12,Negative
CCC=CCC=CCC=CCCCCCCCC(=O)O,Negative
NC12CC3CC(CC(C3)C1)C2,Negative
CC[N+](CC)(CCNC(=O)C(=O)NCC[N+](CC)(CC)Cc1ccccc1Cl)Cc1ccccc1Cl,Negative
CC(=O)OCC(=O)C12OC3(CCCC3)OC1CC1C3CCC4=CC(=O)C=CC4(C)C3(F)C(O)CC12C,Negative
CC1(C)SC2C(N=CN3CCCCCC3)C(=O)N2C1C(=O)O,Positive
NCCCNCCSP(=O)(O)O,Negative
NCCCCCC(=O)O,Negative
CC(=O)Nc1ccc(C=NNC(N)=S)cc1,Positive
CN(C)CCC=C1c2ccccc2CCc2ccccc21,Positive
CC(C)c1ccc2oc3nc(N)c(C(=O)O)cc3c(=O)c2c1,Negative
CCN(CC)Cc1cc(Nc2ccnc3cc(Cl)ccc23)ccc1O,Positive
CN(C)CCN1C(=O)c2cccc3cc(N)cc(c23)C1=O,Positive
CC1(C)SC2C(NC(=O)C(N)c3ccc(O)cc3)C(=O)N2C1C(=O)O,Positive
COc1cc(NS(C)(=O)=O)ccc1Nc1c2ccccc2nc2ccccc12,Positive
CC(C)(C#N)c1cc(Cn2cncn2)cc(C(C)(C)C#N)c1,Positive
CCOC(=O)C1(c2ccccc2)CCN(CCc2ccc(N)cc2)CC1,Negative
COc1ccc(C(=O)N2CCCC2=O)cc1,Negative
COc1ccc(C2C(=O)c3ccccc3C2=O)cc1,Negative
CCCC(CCC)C(=O)OC1CC2CCC(C1)[N+]2(C)C,Negative
CC1(C)OC2CC3C4CCC5=CC(=O)C=CC5(C)C4C(O)CC3(C)C2(C(=O)CO)O1,Negative
CN1CCc2cccc3c2C1Cc1ccc(O)c(O)c1-3,Negative
Nc1cc(Cl)c(N=C2NCCN2)c(Cl)c1,Negative
CCOc1cc(C(CS(C)(=O)=O)N2C(=O)c3cccc(NC(C)=O)c3C2=O)ccc1OC,Negative
CC(OC1OCCN(Cc2nc(=O)[nH][nH]2)C1c1ccc(F)cc1)c1cc(C(F)(F)F)cc(C(F)(F)F)c1,Negative
CCN(CC)CCCN(c1ccccc1)C1Cc2ccccc2C1,Positive
Oc1ccc(CCCCNCC(O)c2ccc(O)c(O)c2)cc1,Negative
O=C1CCc2ccc(OCCCCN3CCN(c4cccc(Cl)c4Cl)CC3)cc2N1,Negative
NC(=O)CS(=O)C(c1ccccc1)c1ccccc1,Negative
CCCNC(C)C(=O)Nc1c(C)csc1C(=O)OC,Negative
O=C1C(O)=C(O)OC1C(O)CO,Negative
CC(=O)Oc1ccccc1C(=O)O,Positive
COc1ccc(CCN2CCC(Nc3nc4ccccc4n3Cc3ccc(F)cc3)CC2)cc1,Negative
CCNc1nc(Cl)nc(NC(C)C)n1,Positive
O=C(CCN1CCN2CCCC2C1)N1c2ccccc2Sc2ccc(Cl)cc21,Positive
Nc1ncn(C2OC(CO)C(O)C2O)c(=O)n1,Positive
O=C(O)CCCCCCCC(=O)O,Negative
CN1CCCC(n2nc(Cc3ccc(Cl)cc3)c3ccccc3c2=O)CC1,Negative
CCC1OC(=O)C(C)C(OC2CC(C)(OC)C(O)C(C)O2)C(C)C(OC2OC(C)CC(N(C)C)C2O)C(C)(O)CC(C)CN(C)C(C)C(O)C1(C)O,Positive
O=NN(CCCl)C(=O)NCCCl,Positive
CC1CC2C3CCC4=CC(=O)C=CC4(C)C3(Cl)C(O)CC2(C)C1(O)C(=O)CO,Negative
O=C(O)COc1nn(Cc2ccccc2)c2ccccc12,Positive
NS(=O)(=O)c1cc2c(cc1C(F)(F)F)NC(Cc1ccccc1)NS2(=O)=O,Negative
CCCCOc1cc(C(=O)OCCN(CC)CC)ccc1N,Negative
O=C1CNC(c2ccccc2)=c2c3c(sc2=N1)CCCC3,Positive
O=C(O)c1ccc(NC(=O)C(Cc2ccc(O)cc2)NC(=O)c2ccccc2)cc1,Negative
CCc1oc2ccccc2c1C(=O)c1ccc(O)cc1,Positive
CC(=O)C(N=Nc1ccc(-c2ccc(N=NC(C(C)=O)C(=O)Nc3ccccc3)c(Cl)c2)cc1Cl)C(=O)Nc1ccccc1,Positive
O=C(OOC(=O)c1ccccc1)c1ccccc1,Negative
NS(=O)(=O)c1cc2c(cc1Cl)NC(CSCc1ccccc1)=NS2(=O)=O,Negative
CN(C)CCCOc1nn(Cc2ccccc2)c2ccccc12,Negative
CC1(C)SC(C(NC(=O)Cc2ccccc2)C(=O)NCCCCCC(=O)O)NC1C(=O)O,Negative
CN=C(NC)NCc1ccccc1,Negative
CCNC(=O)CCCC=CCC1C(O)CC(O)C1C=CC(O)CCc1ccccc1,Positive
CC(C)NCC(O)COc1ccc(COCCOC(C)C)cc1,Negative
Oc1c(Cl)cc(Cl)cc1Sc1cc(Cl)cc(Cl)c1O,Positive
Cc1ccc(C(=O)Oc2ccc(C(O)CNC(C)(C)C)cc2OC(=O)c2ccc(C)cc2)cc1,Negative
COc1ccccc1Oc1c(NS(=O)(=O)c2ccc(C(C)(C)C)cc2)nc(-c2ncccn2)nc1OCCO,Positive
CC[N+](C)(C)Cc1ccccc1Br,Negative
O=c1ccc2ccc(OCCCCN3CCN(c4cccc5sccc45)CC3)cc2[nH]1,Negative
CCCC1CC(=O)N(C(CC)C(N)=O)C1,Negative
Nc1nc(=O)c(Br)c(-c2ccccc2)[nH]1,Positive
O=c1[nH]c(=O)n(C2CC(O)C(CO)O2)cc1Br,Positive
CCOc1ccc(NC(=O)CC(C)O)cc1,Positive
CC(C)(C)c1ccc(CN2CCN(C(c3ccccc3)c3ccc(Cl)cc3)CC2)cc1,Negative
CCCC1OC2CC3C4CCC5=CC(=O)C=CC5(C)C4C(O)CC3(C)C2(C(=O)CO)O1,Negative
CCCCNc1cc(C(=O)O)cc(S(N)(=O)=O)c1Oc1ccccc1,Negative
COC12CCC3(CC1C(C)(O)C(C)(C)C)C1Cc4ccc(O)c5c4C3(CCN1CC1CC1)C2O5,Negative
CCCC[N+]1(C)C2CC(OC(=O)C(CO)c3ccccc3)CC1C1OC12,Negative
O=C1CC2(CCCC2)CC(=O)N1CCCCN1CCN(c2ncccn2)CC1,Negative
CN(Cc1ccc(C(C)(C)C)cc1)Cc1cccc2ccccc12,Negative
Oc1ccc2c(c1)C13CCCCC1(O)C(C2)N(CC1CCC1)CC3,Negative
Cc1cc(C(C)(C)C)c(O)c(C(C)(C)C)c1,Positive
COC1C(=O)C2(C)C(OC)CC3OCC3(OC(C)=O)C2C(OC(=O)c2ccccc2)C2(O)CC(OC(=O)C(O)C(NC(=O)OC(C)(C)C)c3ccccc3)C(C)=C1C2(C)C,Negative
C=CCN1CC(C(=O)N(CCCN(C)C)C(=O)NCC)CC2c3cccc4[nH]cc(c34)CC21,Negative
C=C1C(=CC=C2CCCC3(C)C2CCC3C(C)C=CC(O)C2CC2)CC(O)CC1O,Negative
CCOc1nc2cccc(C(=O)OC(C)OC(=O)OC3CCCCC3)c2n1Cc1ccc(-c2ccccc2-c2nn[nH]n2)cc1,Positive
CSCCNc1nc(SCCC(F)(F)F)nc2c1ncn2C1OC(COP(=O)(O)OP(=O)(O)C(Cl)(Cl)P(=O)(O)O)C(O)C1O,Negative
CCCCCOC(=O)Nc1nc(=O)n(C2OC(C)C(O)C2O)cc1F,Positive
CC1NC(=O)C(N)CNC(=O)C(C2CCN=C(N)N2)NC(=O)C(=CNC(N)=O)NC(=O)C(CNC(=O)CC(N)CCCN)NC1=O,Negative
O=C1CCCCCN1,Positive
O=C1C2CC=CCC2C(=O)N1SC(Cl)(Cl)C(Cl)Cl,Positive
C[N+](C)(C)CCOC(N)=O,Negative
COC(=O)Nc1nc2ccccc2[nH]1,Positive
CC1(C)SC2C(NC(=O)C(C(=O)Oc3ccc4c(c3)CCC4)c3ccccc3)C(=O)N2C1C(=O)O,Negative
CC1(C(=O)O)CCC2(C)CCC3(C)C(=CC(=O)C4C5(C)CCC(OC(=O)CCC(=O)O)C(C)(C)C5CCC43C)C2C1,Negative
CCN(CC)CCOCCOC(=O)C1(c2ccccc2)CCCC1,Negative
CCOC(=O)n1ccn(C)c1=S,Positive
CCCCNC(=O)NS(=O)(=O)c1ccc(N)cc1,Positive
NC(=O)NC(CCC(=O)O)C(=O)O,Negative
CCCC(C)(COC(N)=O)COC(=O)NC(C)C,Negative
CC(C(=O)O)c1ccc2c(c1)[nH]c1ccc(Cl)cc12,Positive
CC(C)(C)NCC(O)COc1cccc2c1CCC(=O)N2,Negative
C=CC1=C(C(=O)O)N2C(=O)C(NC(=O)C(=NO)c3csc(N)n3)C2SC1,Positive
CON=C(C(=O)NC1C(=O)N2C(C(=O)O)=C(C=Cc3scnc3C)CSC12)c1csc(N)n1,Positive
CON=C(C(=O)NC1C(=O)N2C(C(=O)OCOC(=O)C(C)(C)C)=C(C=Cc3scnc3C)CSC12)c1csc(N)n1,Positive
CON=C(C(=O)NC1C(=O)N2C(C(=O)O)=C(CSc3nnnn3C)CSC12)c1csc(N)n1,Positive
CON=C(C(=O)NC1C(=O)N2C(C(=O)O)=C(CSc3nc(C)c(CC(=O)O)s3)CSC12)c1csc(N)n1,Positive
NCc1ccccc1CC(=O)NC1C(=O)N2C(C(=O)O)=C(CSc3nnnn3CC(=O)O)CSC12,Positive
CN(C)CCn1nnnc1SCC1=C(C(=O)O)N2C(=O)C(NC(=O)Cc3csc(N)n3)C2SC1,Positive
CON=C(C(=O)NC1C(=O)N2C(C(=O)O)=C(C[n+]3cccc4c3CCC4)CSC12)c1csc(N)n1,Positive
COCC1=C(C(=O)OC(C)OC(=O)OC(C)C)N2C(=O)C(NC(=O)C(=NOC)c3csc(N)n3)C2SC1,Negative
NC(=O)c1cc[n+](CC2=C(C(=O)O)N3C(=O)C(NC(=O)C(c4ccccc4)S(=O)(=O)O)C3SC2)cc1,Positive
CC(C)(CN=C(C(=O)NC1C(=O)N2C(C(=O)O)=C(C[n+]3ccccc3)CSC12)c1csc(N)n1)C(=O)O,Negative
CON=C(C(=O)NC1C(=O)N2C(C(=O)O)=CCSC12)c1csc(=N)[nH]1,Positive
CON=C(C(=O)NC1C(=O)N2C(C(=O)OC(C)OC(C)=O)=C(COC(N)=O)CSC12)c1ccco1,Negative
CON=C(C(=O)NC1C(=O)N2C(C(=O)OC(C)OC(=O)C(C)(C)OC)=C(COC(N)=O)CSC12)c1ccco1,Negative
Cc1ccc(-c2cc(C(F)(F)F)nn2-c2ccc(S(N)(=O)=O)cc2)cc1,Positive
O=C(Cc1cccs1)NC1C(=O)N2C(C(=O)[O-])=C(C[n+]3ccccc3)CSC12,Positive
CC1OC2(CS1)CN1CCC2CC1,Negative
Nc1nc(Cl)nc2c1ncn2C1OC(CO)C(O)C1F,Positive
O=C(O)CCCc1ccc(N(CCCl)CCCl)cc1,Positive
O=C(NC(CO)C(O)c1ccc([N+](=O)[O-])cc1)C(Cl)Cl,Positive
Clc1ccc(CSc2ccc(Cl)cc2)cc1,Positive
O=C1C2(Cl)C3(Cl)C4(Cl)C(Cl)(Cl)C5(Cl)C3(Cl)C1(Cl)C5(Cl)C24Cl,Positive
CC(=O)OC1(C(C)=O)CCC2C3C=C(Cl)C4=CC(=O)CCC4(C)C3CCC21C,Negative
Cc1ncsc1CCCl,Positive
CN1C(=O)CCS(=O)(=O)C1c1ccc(Cl)cc1,Positive
CCN(CC)CCCC(C)Nc1ccnc2cc(Cl)ccc12,Negative
ClCc1ccccc1,Positive
COc1ccc(C(Cl)=C(c2ccc(OC)cc2)c2ccc(OC)cc2)cc1,Negative
Oc1c(Cl)cc(Cl)c2cccnc12,Negative
OCC(O)COc1ccc(Cl)cc1,Negative
CCCNC(=O)NS(=O)(=O)c1ccc(Cl)cc1,Positive
CN(C)CCC=C1c2ccccc2Sc2ccc(Cl)cc21,Positive
CN(C)C1C(=O)C(=C(N)O)C(=O)C2(O)C(=O)C3=C(O)c4c(O)ccc(Cl)c4C(C)(O)C3CC12,Positive
NS(=O)(=O)c1cc(C2(O)NC(=O)c3ccccc32)ccc1Cl,Negative
CC(C)(Oc1ccc(C(=O)c2ccc(Cl)cc2)cc1)C(=O)NCCS(=O)(=O)O,Negative
C[N+](C)(C)CCO,Negative
CC(C)C(=O)OCC(=O)C12OC(C3CCCCC3)OC1CC1C3CCC4=CC(=O)C=CC4(C)C3C(O)CC12C,Negative
Cc1cc(C2CCCCC2)n(O)c(=O)c1,Negative
Nc1ccn(CC(CO)OCP(=O)(O)O)c(=O)n1,Negative
CCOC(=O)C(CCc1ccccc1)NC1CCCN2CCCC(C(=O)O)N2C1=O,Positive
CC(NCCCc1cccc(C(F)(F)F)c1)c1cccc2ccccc12,Negative
O=C(O)c1cc(-c2ccccc2)nc2ccccc12,Positive
C[N+](C)(C)CCOP(=O)([O-])OP(=O)(O)OCC1OC(n2ccc(N)nc2=O)C(O)C1O,Negative
CN1CCCC1CCOC(C)(c1ccccc1)c1ccc(Cl)cc1,Negative
C[N+]12CCC(CC1)C(OC(=O)C(O)(c1ccccc1)c1ccccc1)C2,Negative
CN1C(=O)CC(=O)N(c2ccccc2)c2cc(Cl)ccc21,Negative
CCC(=O)OC1(C(=O)CCl)C(C)CC2C3CCC4=CC(=O)C=CC4(C)C3(F)C(O)CC21C,Negative
CC1CC2C3CC(F)C4=CC(=O)C=CC4(C)C3(Cl)C(O)CC2(C)C1C(=O)CO,Negative
CC(C)N=c1cc2n(-c3ccc(Cl)cc3)c3ccccc3nc-2cc1Nc1ccc(Cl)cc1,Negative
CN(C)CCC(O)(c1ccccc1)c1ccccc1Cl,Negative
Clc1cccc(Cl)c1NC1=NCCN1,Negative
COC(=O)C(c1ccccc1Cl)N1CCc2sccc2C1,Positive
CCc1cc2c(s1)N(C)C(=O)CN=C2c1ccccc1Cl,Positive
Cc1onc(-c2ccccc2Cl)c1C(=O)NC1C(=O)N2C1SC(C)(C)C2C(=O)O,Positive
COC(=O)C1C(OC(=O)c2ccccc2)CC2CCC1N2C,Positive
O=C1CN=C(c2ccccn2)c2cc(Br)ccc2N1,Negative
CC12CCC(=O)C=C1CCC1C2C(=O)CC2(C)C1CCC2(O)C(=O)CO,Negative
Cc1ccc(O)cc1,Positive
CC=CC(=O)N(CC)c1ccccc1C,Negative
CN(C)CCC=C1c2ccccc2C=Cc2ccccc21,Positive
CN(C)CCOC(=O)C(c1ccccc1)C1(O)CCCC1,Negative
NS(=O)(=O)c1cc2c(cc1Cl)NC(C1CC3C=CC1C3)NS2(=O)=O,Negative
CN1CCC(=C2c3ccccc3C=Cc3ccccc32)CC1,Positive
Cc1c2oc3c(C)cccc3nc-2c(C(=O)NC2C(=O)NC(C)C(=O)N3CCCC3C(=O)N(C)CC(=O)N(C)C(C(C)C)C(=O)OC2C)c(N)c1=O,Positive
Cc1ccccc1N1CCN(CCc2nnc3n2CCCC3)CC1,Negative
Nc1ccc(S(=O)(=O)c2ccc(N)cc2)cc1,Positive
NC(=O)C(c1ccccc1)(c1ccccc1)C1CCN(CCc2ccc3c(c2)CCO3)C1,Negative
CC(C)CN(CC(O)C(Cc1ccccc1)NC(=O)OC1COC2OCCC12)S(=O)(=O)c1ccc(N)cc1,Positive
Cc1nc(Nc2ncc(C(=O)Nc3c(C)cccc3Cl)s2)cc(N2CCN(CCO)CC2)n1,Positive
Clc1ccc(Cl)cc1,Positive
Nc1ncn(C2CC(O)C(CO)O2)c(=O)n1,Positive
Cc1c(O)c(=O)ccn1C,Positive
CC12CCC3C(CC=C4CC(O)CCC43C)C1CCC2=O,Positive
CCOC(=O)C(CCc1ccccc1)NC(C)C(=O)N(CC(=O)O)C1Cc2ccccc2C1,Positive
CC(C)Nc1cccnc1N1CCN(C(=O)c2cc3cc(NS(C)(=O)=O)ccc3[nH]2)CC1,Positive
CN(C)C1C(=O)C(=C(N)O)C(=O)C2(O)C(=O)C3=C(O)c4c(O)ccc(Cl)c4C(O)C3CC12,Positive
COC(=O)C1C2CC3c4[nH]c5ccccc5c4CCN3CC2CC(OC(=O)c2cc(OC)c(OC)c(OC)c2)C1OC,Negative
Clc1ccc2c(c1)CCc1cccnc1C2=C1CCNCC1,Positive
CC1CC2C3CCC4=CC(=O)C=CC4(C)C3(F)C(O)CC2(C)C1C(=O)CO,Negative
CN(C)CCC(c1ccc(Br)cc1)c1ccccn1,Negative
CC(C)(CO)C(O)C(=O)NCCCO,Negative
CC(N)Cc1ccccc1,Negative
COc1ccc2c(c1)C13CCCCC1C(C2)N(C)CC3,Negative
CC12CCCCCC(Cc3ccc(O)cc31)C2N,Negative
NCCCC(N)(C(=O)O)C(F)F,Negative
CC(=O)Oc1cccc2c1C(=O)c1c(OC(C)=O)cc(C(=O)O)cc1C2=O,Positive
CN1C(=O)CN=C(c2ccccc2)c2cc(Cl)ccc21,Negative
CCOC(=O)NC1=C(N2CC2)C(=O)C(NC(=O)OCC)=C(N2CC2)C1=O,Positive
Cc1onc(-c2c(Cl)cccc2Cl)c1C(=O)NC1C(=O)N2C1SC(C)(C)C2C(=O)O,Positive
O=c1c(Cc2c(O)oc3ccccc3c2=O)c(O)oc2ccccc12,Negative
O=c1nc[nH]c2c1ncn2C1CCC(CO)O1,Positive
CC=C(C(=CC)c1ccc(O)cc1)c1ccc(O)cc1,Negative
CCN(CC)C(C)C(=O)c1ccccc1,Negative
CCC(=C(CC)c1ccc(O)cc1)c1ccc(O)cc1,Positive
CCCCC(F)F,Positive
CCCC(=O)OC1(C(=O)COC(C)=O)CCC2C3CC(F)C4=CC(=O)C=CC4(C)C3(F)C(O)CC21C,Negative
CC1OC(OC2C(O)CC(OC3C(O)CC(OC4CCC5(C)C(CCC6C5CCC5(C)C(C7=CC(=O)OC7)CCC65O)C4)OC3C)OC2C)CC(O)C1O,Negative
NNc1nnc(NN)c2ccccc12,Positive
CCCCCC(O)C=CC1C(O)CC(O)C1CC=CCCCC(=O)O,Negative
CCCCCOC(=O)c1ccccc1C(=O)OCCCCC,Positive
C1COCCO1,Positive
OC(CCCN1CCCCC1)(c1ccccc1)c1ccccc1,Negative
CCOC(=O)C1(c2ccccc2)CCN(CCC(C#N)(c2ccccc2)c2ccccc2)CC1,Negative
c1ccc(Sc2ccccc2)cc1,Positive
CNCC(O)c1ccc(OC(=O)C(C)(C)C)c(OC(=O)C(C)(C)C)c1,Negative
c1cc[n+]2c(c1)-c1cccc[n+]1CC2,Positive
CC(C)NCCC(C(N)=O)(c1ccccc1)c1ccccn1,Positive
O=S(=O)(O)OCCOc1ccc(Cl)cc1Cl,Positive
CC(CCc1ccc(O)cc1)NCCc1ccc(O)c(O)c1,Negative
CCC=CCC=CCC=CCC=CCC=CCC=CCCC(=O)O,Negative
CCCCC(CC)COC(=O)CC(C(=O)OCC(CC)CCCC)S(=O)(=O)O,Negative
O=c1[nH]c2ccccc2n1CCCN1CCC(n2c(=O)[nH]c3cc(Cl)ccc32)CC1,Negative
CC(O)C1C(=O)N2C(C(=O)O)=C(SC3CNC(CNS(N)(=O)=O)C3)C(C)C12,Positive
CN(C)CCC=C1c2ccccc2COc2ccccc21,Positive
C=C1C(=CC=C2CCCC3(C)C2CCC3C(C)C=CC(C)C(C)C)CC(O)CC1O,Negative
CCC(=C(c1ccc(OCCN(C)C)cc1)c1cccc(O)c1)c1ccccc1,Positive
CCCCCc1cc(O)c2c(c1)OC(C)(C)C1CCC(C)=CC21,Negative
O=C(CCCN1CC=C(n2c(=O)[nH]c3ccccc32)CC1)c1ccc(F)cc1,Negative
CC12C=CC(=O)NC1CCC1C2CCC2(C)C(C(=O)Nc3cc(C(F)(F)F)ccc3C(F)(F)F)CCC12,Negative
CCCCOc1ccc(C(=O)CCN2CCCCC2)cc1,Negative
CCOP(=O)(OCC)SCC[N+](C)(C)C,Negative
CCC(Cc1cnc2nc(N)nc(N)c2n1)c1ccc(C(=O)NC(CCC(=O)O)C(=O)O)cc1,Positive
CC[N+](C)(C)c1cccc(O)c1,Negative
CCC=CCC=CCC=CCC=CCC=CCCCC(=O)O,Negative
CN1CCCC1Cc1c[nH]c2ccc(CCS(=O)(=O)c3ccccc3)cc12,Negative
CCCCCCCC(=O)NC(CN1CCCC1)C(O)c1ccc2c(c1)OCCO2,Negative
CCOC(=O)C(CCc1ccccc1)NC(C)C(=O)N1CCCC1C(=O)O,Positive
CSc1ccc(C(=O)c2[nH]c(=O)[nH]c2C)cc1,Positive
CC(=Cc1ccccc1)C=C1SC(=S)N(CC(=O)O)C1=O,Positive
O=C(CNC(=O)c1ccccc1)CC(Cc1ccccc1)C(=O)O,Negative
CCCCCC(O)C=CC1C(O)CC2OC(=CCCCC(=O)O)CC21,Negative
CCCCc1ncc(C=C(Cc2cccs2)C(=O)O)n1Cc1ccc(C(=O)O)cc1,Negative
NC(=O)C1CSSCCC(=O)NC(CCCCN=C(N)N)C(=O)NCC(=O)NC(CC(=O)O)C(=O)NC(Cc2c[nH]c3ccccc23)C(=O)N2CCCC2C(=O)N1,Negative
CCC(C)(C)C1C(=O)N2CCCC2C2(O)OC(NC(=O)C3CC4c5cccc6[nH]cc(c56)CC4N(C)C3)(C(C)C)C(=O)N12,Negative
C#Cc1cccc(Nc2ncnc3cc(OCCOC)c(OCCOC)cc23)c1,Positive
CC(O)C1C(=O)N2C(C(=O)O)=C(SC3CNC(C(=O)Nc4cccc(C(=O)O)c4)C3)C(C)C12,Positive
O=[N+]([O-])OCC(O[N+](=O)[O-])C(CO[N+](=O)[O-])O[N+](=O)[O-],Positive
CCC1OC(=O)C(C)C(OC2CC(C)(OC)C(O)C(C)O2)C(C)C(OC2OC(C)CC(N(C)C)C2OC(C)=O)C(C)(O)CC(C)C(=O)C(C)C(O)C1(C)O,Positive
CCC(=O)OC1C(OC2C(C)C(OC3CC(C)(OC)C(O)C(C)O3)C(C)C(=O)OC(CC)C(C)(O)C(O)C(C)C(=O)C(C)CC2(C)O)OC(C)CC1N(C)C,Positive
COC(=O)CCc1ccc(OCC(O)CNC(C)C)cc1,Negative
COc1ccc2nc(S(=O)Cc3ncc(C)c(OC)c3C)[nH]c2c1,Positive
Clc1ccc2c(c1)C(c1ccccc1)=NCc1nncn1-2,Negative
CC12CCC3c4ccc(OC(=O)c5ccccc5)cc4CCC3C1CCC2O,Negative
CC12CCC3c4ccc(O)cc4CCC3C1CCC2OC(=O)CCC1CCCCC1,Negative
CCC(=O)Oc1ccc2c(c1)CCC1C2CCC2(C)C(OC(=O)CC)CCC12,Negative
CC12CCC3c4ccc(OC(=O)c5ccc(N(CCCl)CCCl)cc5)cc4CCC3C1CCC2OC(=O)c1ccc(N(CCCl)CCCl)cc1,Negative
CCCCCCCCCCC(=O)OC1CCC2C3CCc4cc(O)ccc4C3CCC12C,Negative
CCCC(=O)OC1CCC2C3CCc4cc(O)ccc4C3CCC12C,Negative
CC12CCC3c4ccc(OC(=O)N(CCCl)CCCl)cc4CCC3C1CCC2O,Positive
CC12CCC3c4ccc(OS(=O)(=O)O)cc4CCC3C1CCC2=O,Positive
O=C(Cn1ccnc1[N+](=O)[O-])NCCO,Positive
C#CC(O)(C=CCl)CC,Positive
CCc1cc(C(N)=S)ccn1,Positive
O=C(O)CN(CCN(CC(=O)O)CC(=O)O)CC(=O)O,Negative
CCCN(CC)C(CC)C(=O)Nc1c(C)cccc1C,Negative
COc1cc(C2c3cc4c(cc3C(OC3OC5COC(C)OC5C(O)C3O)C3COC(=O)C23)OCO4)cc(OC)c1O,Negative
CCOC(=O)C=C(C)C=CC=C(C)C=Cc1c(C)cc(OC)c(C)c1C,Positive
CC1=C(CC(=O)O)c2cc(F)ccc2C1=Cc1ccc(S(C)(=O)=O)cc1,Positive
O=C1C(CCC(O)c2ccc(F)cc2)C(c2ccc(O)cc2)N1c1ccc(F)cc1,Positive
CC(=O)OCC(CCn1cnc2cnc(N)nc21)COC(C)=O,Negative
N#CC(C#N)=NNc1ccc(OC(F)(F)F)cc1,Positive
O=C(O)CCC(=O)c1ccc(-c2ccccc2)cc1,Positive
Oc1ccc(C2CNCCc3c2cc(O)c(O)c3Cl)cc1,Negative
CC(C=CC1=C(C)CCCC1(C)C)=CC=CC(C)=CC(=O)Nc1ccc(O)cc1,Positive
CCC(=O)N(c1ccccc1)C1CCN(CCc2ccccc2)CC1,Negative
O=C(O)Cc1sc(-c2ccccc2)nc1-c1ccc(Cl)cc1,Positive
CC(C)(C(=O)O)c1ccc(C(O)CCCN2CCC(C(O)(c3ccccc3)c3ccccc3)CC2)cc1,Negative
CC(C)(C)NC(=O)C1CCC2C3CCC4NC(=O)C=CC4(C)C3CCC12C,Negative
O=C(COc1ccc(Cl)cc1)N1CCN(Cc2ccc3c(c2)OCO3)CC1,Positive
CN1CCN(c2c(F)cc3c(=O)c(C(=O)O)cn(CCF)c3c2F)CC1,Positive
COC1(NC(=O)CSC(F)F)C(=O)N2C(C(=O)O)=C(CSc3nnnn3CCO)COC21,Positive
Cc1onc(-c2c(F)cccc2Cl)c1C(=O)NC1C(=O)N2C1SC(C)(C)C2C(=O)O,Positive
O=c1[nH]c(=O)n(C2CC(O)C(CO)O2)cc1F,Positive
CC1CCc2cc(F)cc3c(=O)c(C(=O)O)cn1c23,Positive
CC1CC2C3CC(F)C4=CC(=O)C=CC4(C)C3(F)C(O)CC2(C)C1(O)C(=O)CO,Negative
Fc1ccc(C(c2ccc(F)cc2)N2CCN(CC=Cc3ccccc3)CC2)cc1,Negative
CC1(C)OC2CC3C4CC(F)C5=CC(=O)C=CC5(C)C4C(O)CC3(C)C2(C(=O)CO)O1,Negative
CC1(C)OC2CC3C4CC(F)C5=CC(=O)C=CC5(C)C4(F)C(O)CC3(C)C2(C(=O)CO)O1,Negative
CC(=O)OCC(=O)C12OC(C)(C)OC1CC1C3CC(F)C4=CC(=O)C=CC4(C)C3(F)C(O)CC12C,Negative
O=C1OC2(c3ccc(O)cc3Oc3cc(O)ccc32)c2ccccc21,Negative
CC1(O)CCC2C3CCC4=CC(=O)CCC4(C)C3(F)C(O)CC21C,Positive
CCC(=O)OC1(C(=O)SCF)C(C)CC2C3CC(F)C4=CC(=O)C=CC4(C)C3(F)C(O)CC21C,Negative
CC(C)n1c(C=CC(O)CC(O)CC(=O)O)c(-c2ccc(F)cc2)c2ccccc21,Positive
COc1ccc(CC(C)NCC(O)c2ccc(O)c(NC=O)c2)cc1,Negative
CC(OC1OCCN(Cc2nc(=O)n(P(=O)(O)O)[nH]2)C1c1ccc(F)cc1)c1cc(C(F)(F)F)cc(C(F)(F)F)c1,Positive
O=C1NC(c2ccccc2)(c2ccccc2)C(=O)N1COP(=O)(O)O,Positive
CC(C)c1cccc(C(C)C)c1OCOP(=O)(O)O,Negative
CCOP(=O)(OCC)C(C)NC(=O)N(CCCl)N=O,Positive
CC12CCC3c4ccc(O)cc4CC(CCCCCCCCCS(=O)CCCC(F)(F)C(F)(F)F)C3C1CCC2O,Negative
O=C1OCCN1N=Cc1ccc([N+](=O)[O-])o1,Positive
NCCCC(=O)O,Negative
CCOC(=O)c1ccc(OC(=O)CCCCCN=C(N)N)cc1,Positive
CNC(=O)CN(CCN(CCN(CC(=O)O)CC(=O)NC)CC(=O)O)CC(=O)O,Negative
COCCNC(=O)CN(CCN(CCN(CC(=O)O)CC(=O)NCCOC)CC(=O)O)CC(=O)O,Negative
CC[N+](CC)(CC)CCOc1cccc(OCC[N+](CC)(CC)CC)c1OCC[N+](CC)(CC)CC,Negative
Nc1nc(=O)c2ncn(COC(CO)CO)c2[nH]1,Negative
CON=C1CN(c2nc3c(cc2F)c(=O)c(C(=O)O)cn3C2CC2)CC1CN,Positive
CNC(C)C1CCC(N)C(OC2C(N)CC(N)C(OC3OCC(C)(O)C(NC)C3O)C2O)O1,Negative
CN(C)c1ccc(C(=C2C=CC(=[N+](C)C)C=C2)c2ccc(N(C)C)cc2)cc1,Negative
O=C(OCC(O)CO)c1ccccc1Nc1ccnc2cc(Cl)ccc12,Positive
COc1ccc(Cl)cc1C(=O)NCCc1ccc(S(=O)(=O)NC(=O)NC2CCCCC2)cc1,Positive
C[N+]1(C)CCC(OC(=O)C(O)(c2ccccc2)C2CCCC2)C1,Negative
Cc1c(F)c(N2CCNC(C)C2)cc2c1c(=O)c(C(=O)O)cn2C1CC1,Positive
COc1ccccc1OCC(O)CO,Negative
NC(N)=NCC1COC2(CCCCC2)O1,Negative
NCCCNCCCCNC(=O)C(O)NC(=O)CCCCCCN=C(N)N,Negative
CC1(C)OC2CC3C4CCC5=CC(=O)CCC5(C)C4(F)C(O)CC3(C)C2(C(=O)CCl)O1,Negative
CCC(=O)OC1(C(=O)CCl)C(C)CC2C3CC(F)C4=CC(=O)C=CC4(C)C3(F)C(O)CC21C,Negative
Clc1cc(Cl)c(OCC#CI)cc1Cl,Negative
ClC1=C(Cl)C2(Cl)C3C(Cl)C=CC3C1(Cl)C2(Cl)Cl,Positive
Clc1c(Cl)c(Cl)c(Cl)c(Cl)c1Cl,Positive
C[N+](C)(CCCCCC[N+](C)(C)C1c2ccccc2-c2ccccc21)C1c2ccccc2-c2ccccc21,Negative
CN1C2CCC1CC(OC(=O)C(O)c1ccccc1)C2,Negative
NNc1nncc2ccccc12,Positive
NS(=O)(=O)c1cc2c(cc1Cl)NCNS2(=O)=O,Positive
COc1ccc2c3c1OC1C(=O)CCC4C(C2)N(C)CCC314,Negative
CCC1CN2CCC1CC2C(O)c1ccnc2ccc(OC)cc12,Positive
CCCCCN(C)CCC(O)(P(=O)(O)O)P(=O)(O)O,Negative
CC(C)Cc1ccc(C(C)C(=O)O)cc1,Positive
CC1OC(OC2CC(O)(C(C)O)Cc3c(O)c4c(c(O)c32)C(=O)c2ccccc2C4=O)CC(N)C1O,Negative
COc1cc(C(C)=O)ccc1OCCCN1CCC(c2noc3cc(F)ccc23)CC1,Negative
CC#CCC(C)C(O)C=CC1C(O)CC2CC(=CCCCC(=O)O)CC21,Negative
CCOC(=O)C(CCc1ccccc1)NC(C)C(=O)N1C(=O)N(C)CC1C(=O)O,Positive
CC1Cc2ccccc2N1NC(=O)c1ccc(Cl)c(S(N)(=O)=O)c1,Negative
C1=Cc2ccccc2C1,Positive
NC(N)=NCc1cccc([131I])c1,Positive
CN(CC(O)CO)C(=O)c1c(I)c(NC(=O)C(CO)CO)c(I)c(C(=O)N(C)CC(O)CO)c1I,Negative
CC(=O)N(CC(C)C(=O)O)c1c(I)cc(I)c(N)c1I,Negative
CC(=O)NCc1c(I)c(NC(C)=O)c(I)c(C(=O)O)c1I,Negative
CC(=O)N(CC(O)CO)c1c(I)c(C(=O)NCC(O)CO)c(I)c(C(=O)NCC(O)CO)c1I,Negative
CCC(Cc1c(I)cc(I)c(N)c1I)C(=O)O,Negative
CCOC(=O)CCCCCCCCC(C)c1ccccc1I,Negative
COCC(=O)Nc1c(I)c(C(=O)NCC(O)CO)c(I)c(C(=O)N(C)CC(O)CO)c1I,Negative
CC(=O)N(CC(O)CO)c1c(I)c(C(=O)NCCO)c(I)c(C(=O)NCC(O)CO)c1I,Negative
CN(C)C=Nc1c(I)cc(I)c(CCC(=O)O)c1I,Negative
CC(C)[N+]1(C)C2CCC1CC(OC(=O)C(CO)c1ccccc1)C2,Negative
CCC(NC(C)C)C(O)c1ccc(O)c(O)c1,Negative
CC(C)OP(=O)(F)OC(C)C,Negative
O=C(O)c1ccncc1,Negative
CC(C)[N+](C)(CCC(C(N)=O)(c1ccccc1)c1ccccc1)C(C)C,Negative
O=[N+]([O-])OC1COC2C(O)COC12,Negative
Cc1cc(NC(O)=C2C(=O)c3ccccc3S(=O)(=O)N2C)no1,Negative
CC(COc1ccccc1)NC(C)C(O)c1ccc(O)cc1,Negative
COC(=O)C1=C(C)NC(C)=C(C(=O)OC(C)C)C1c1cccc2nonc12,Negative
CC(=Cc1csc(C)n1)C1CC2OC2(C)CCCC(C)C(O)C(C)C(=O)C(C)(C)C(O)CC(=O)N1,Negative
COC1C(OC(C)=O)CC(=O)OC(C)CC=CC=CC(O)C(C)CC(CC=O)C1OC1OC(C)C(OC2CC(C)(O)C(OC(=O)CC(C)C)C(C)O2)C(N(C)C)C1O,Positive
NCC1OC(OC2C(N)CC(N)C(OC3OC(CO)C(O)C(N)C3O)C2O)C(O)C(O)C1O,Negative
CNC1(c2ccccc2Cl)CCCCC1=O,Positive
CC(N)C(=O)c1ccccc1,Positive
CCOC(=O)C1=C(C)NC(C)=C(C(=O)OCC)C1c1ccccc1C=CC(=O)OC(C)(C)C,Positive
COCC(NC(C)=O)C(=O)NCc1ccccc1,Negative
OCC1OC(OC2C(CO)OC(O)C(O)C2O)C(O)C(O)C1O,Negative
Nc1nnc(-c2cccc(Cl)c2Cl)c(N)n1,Positive
CS(=O)(=O)CCNCc1ccc(-c2ccc3ncnc(Nc4ccc(OCc5cccc(F)c5)c(Cl)c4)c3c2)o1,Positive
NC(N)=NCCCC(N)C(=O)O,Negative
NCCNC(=O)c1ccc(Cl)cn1,Positive
Nc1cccc2c1CN(C1CCC(=O)NC1=O)C2=O,Positive
CCC(C(N)=O)N1CCCC1=O,Positive
CC(C)(C)NCC(O)COc1cccc2c1CCCC2=O,Negative
CC1CN(C2CCC(C#N)(c3ccc(F)cc3)CC2)CCC1(C(=O)O)c1ccccc1,Negative
NC(Cc1ccc(O)c(O)c1)C(=O)O,Negative
CC1COc2c(N3CCN(C)CC3)c(F)cc3c(=O)c(C(=O)O)cn1c23,Positive
Clc1cccc(C(c2ccc3nc[nH]c3c2)n2ccnc2)c1,Positive
CCN(CC)CC(=O)Nc1c(C)cccc1C,Negative
CC(=O)NCC1CN(c2ccc(N3CCOCC3)c(F)c2)C(=O)O1,Positive
CC(Cc1ccccc1)NC(=O)C(N)CCCCN,Negative
CSCCC(N)C(=O)O,Negative
CN(CCCN1c2ccccc2CCc2ccccc21)CC(=O)c1ccc(Cl)cc1,Positive
O=C(O)c1nn(Cc2ccc(Cl)cc2Cl)c2ccccc12,Positive
O=C1Nc2ccc(Cl)cc2C(c2ccccc2Cl)=NC1O,Negative
CC12C=CC(=O)C=C1CCC1C2C(O)CC2(C)C1CCC2(O)C(=O)OCCl,Negative
CCC(C)C(=O)OC1CC(C)C=C2C=CC(C)C(CCC3CC(O)CC(=O)O3)C21,Positive
CN1CCN(C2=Nc3ccccc3Oc3ccc(Cl)cc32)CC1,Positive
O=C1C2C3CCC(C3)C2C(=O)N1CC1CCCCC1CN1CCN(c2nsc3ccccc23)CC1,Negative
CCOC(=O)CC(SP(=S)(OC)OC)C(=O)OCC,Negative
Cc1ncc(COP(=O)(O)O)c(CN(CCN(CC(=O)O)Cc2c(COP(=O)(O)O)cnc(C)c2O)CC(=O)O)c1O,Positive
CNC(=O)C(NC(=O)C(CC(C)C)C(O)C(=O)NO)C(C)(C)C,Positive
COC(=O)Nc1nc2ccc(C(=O)c3ccccc3)cc2[nH]1,Positive
CNC1(C)C2CCC(C2)C1(C)C,Negative
Cc1cccc(CN2CCN(C(c3ccccc3)c3ccc(Cl)cc3)CC2)c1,Negative
CC(=O)C1(O)CCC2C3CC(C)C4=CC(=O)CCC4(C)C3CCC21C,Positive
CC(=O)C1(O)CCC2C3C=C(C)C4=CC(=O)CCC4(C)C3CCC21C,Positive
NC(Cc1ccc(N(CCCl)CCCl)cc1)C(=O)O,Positive
CC1=CC(=O)c2ccccc2C1=O,Negative
C[N+]1(C)CCCC(OC(=O)C(O)(c2ccccc2)c2ccccc2)C1,Negative
CCC1(c2ccccc2)NC(=O)N(C)C1=O,Positive
Cc1cccc(C)c1NC(=O)C1CCCCN1C,Negative
Sc1ncnc2nc[nH]c12,Positive
CC(O)C1C(=O)N2C(C(=O)O)=C(SC3CNC(C(=O)N(C)C)C3)C(C)C12,Positive
C#CC1(O)CCC2C3CCc4cc(OC)ccc4C3CCC21C,Positive
Cc1cc(C)cc(OCC2CNC(=O)O2)c1,Negative
CN1CC(CNC(=O)OCc2ccccc2)CC2c3cccc4c3c(cn4C)CC21,Positive
CN(C)C(=N)NC(=N)N,Negative
C=C1c2cccc(O)c2C(O)=C2C(=O)C3(O)C(=O)C(=C(N)O)C(=O)C(N(C)C)C3C(O)C12,Positive
CC[N+](C)(CC)CCOC(=O)C1c2ccccc2Oc2ccccc21,Negative
CN(C)CCN(Cc1cccs1)c1ccccn1,Positive
CN1CCC(CN2c3ccccc3Sc3ccccc32)C1,Positive
CC(=O)OC1CCC2C3CCC4CC(=O)C=C(C)C4(C)C3CCC12C,Positive
C=CCC1(C(C)C#CCC)C(=O)NC(=O)N(C)C1=O,Positive
CNC(=O)ON=C(C)SC,Positive
COc1ccc2c(c1)N(CC(C)CN(C)C)c1ccccc1S2,Negative
COc1ccc(OC)c(C(O)C(C)N)c1,Negative
COc1ccc(C(c2ccc(OC)cc2)C(Cl)(Cl)Cl)cc1,Positive
CNc1ccccc1,Positive
c1ccc(NCNc2ccccc2)cc1,Positive
C[N+]1(C)C2CC(OC(=O)C(CO)c3ccccc3)CC1C1OC12,Negative
CC12CCC(=O)C=C1CCC1C2CCC2(C)C1CCC2(C)O,Positive
CCC(CO)NC(=O)C1C=C2c3cccc4c3c(cn4C)CC2N(C)C1,Negative
COc1ccc2cc1Oc1cc3c(cc1OC)CC[N+](C)(C)C3Cc1ccc(cc1)Oc1c(OC)c(OC)cc3c1C(C2)[N+](C)(C)CC3,Negative
Cc1ccccc1N1C(=O)c2cc(S(N)(=O)=O)c(Cl)cc2NC1C,Negative
CSc1nnc(C(C)(C)C)c(=O)n1N,Positive
CC(=O)Nc1c(I)c(C(=O)NC2C(O)OC(CO)C(O)C2O)c(I)c(N(C)C(C)=O)c1I,Negative
CC(=O)Nc1c(I)c(C(=O)O)c(I)c(N(C)C(C)=O)c1I,Negative
COC(=O)CCC(=O)CN,Negative
CC(C)(C(=O)c1cccnc1)c1cccnc1,Negative
COCC(=O)OC1(CCN(C)CCCc2nc3ccccc3[nH]2)CCc2cc(F)ccc2C1C(C)C,Negative
Cc1ncc2n1-c1ccc(Cl)cc1C(c1ccccc1F)=NC2,Negative
OCCN1CC(O)C(O)C(O)C1CO,Negative
CCN(CC)C(=O)C1(c2ccccc2)CC1CN,Positive
CCCCCCCCCCCCCCCCOP(=O)(O)OCC[N+](C)(C)C,Negative
CCC(=O)OC1CC(=O)OC(C)CC=CC=CC(OC(C)=O)C(C)CC(CC=O)C(OC2OC(C)C(OC3CC(C)(OC(C)=O)C(OC(=O)CC)C(C)O3)C(N(C)C)C2O)C1OC,Negative
CCCCC(C)(O)CC=CC1C(O)CC(=O)C1CCCCCCC(=O)OC,Negative
CC(C=NN=C(N)N)=NN=C(N)N,Positive
OC(CBr)C(O)C(O)C(O)CBr,Positive
Clc1ccc(C(c2ccccc2Cl)C(Cl)Cl)cc1,Negative
Nc1cccc([N+](=O)[O-])c1,Positive
O=C(NCCN1CCOCC1)c1ccc(Cl)cc1,Positive
CC1CC2C3CCC4=CC(=O)C=CC4(C)C3(Cl)C(O)CC2(C)C1(OC(=O)c1ccco1)C(=O)CCl,Negative
CC1CC2C3CCC4=CC(=O)C=CC4(C)C3(Cl)C(O)CC2(C)C1(O)C(=O)CCl,Negative
COc1c(N2CC3CCCNC3C2)c(F)cc2c(=O)c(C(=O)O)cn(C3CC3)c12,Positive
CC(=O)Oc1cc(C(C)C)c(OCCN(C)C)cc1C,Positive
CC(=CC(=O)OCCCCCCCCC(=O)O)CC1OCC(CC2OC2C(C)C(C)O)C(O)C1O,Negative
OC1C(O)C(O)C(O)C(O)C1O,Negative
O=C1CCC(=O)N1c1cc(Cl)cc(Cl)c1,Positive
CC(=O)N(C)C,Positive
CCCCCCC(C)(C)c1cc(O)c2c(c1)OC(C)(C)C1CCC(=O)CC21,Negative
CC(C)(C)NCC(O)COc1cccc2c1CC(O)C(O)C2,Negative
CN(CC=Cc1ccccc1)Cc1cccc2ccccc12,Negative
Oc1ccc2c3c1OC1C(O)CCC4(O)C(C2)N(CC2CCC2)CCC314,Negative
C=CCN1CCC23c4c5ccc(O)c4OC2C(OCCOCCOCCOCCOCCOCCOCCOC)CCC3(O)C1C5,Negative
CC12CCC3C4CCC(=O)C=C4CCC3C1CCC2O,Positive
Cc1c(O)cccc1C(=O)NC(CSc1ccccc1)C(O)CN1CC2CCCCC2CC1C(=O)NC(C)(C)C,Positive
NC(=O)c1cccnc1,Positive
O=C(Nc1ccc([N+](=O)[O-])cc1Cl)c1cc(Cl)ccc1O,Negative
OCc1cccnc1,Negative
COC(=O)C1=C(C)NC(C)=C(C(=O)OC)C1c1ccccc1[N+](=O)[O-],Positive
O=C(O)c1cccnc1Nc1cccc(C(F)(F)F)c1,Positive
CC1(C)NC(=O)N(c2ccc([N+](=O)[O-])c(C(F)(F)F)c2)C1=O,Positive
COC(=O)C1=C(C#N)NC(C)=C(C(=O)OC(C)C)C1c1cccc([N+](=O)[O-])c1,Positive
COCCOC(=O)C1=C(C)NC(C)=C(C(=O)OC(C)C)C1c1cccc([N+](=O)[O-])c1,Negative
CN(c1c([N+](=O)[O-])cc([N+](=O)[O-])cc1[N+](=O)[O-])[N+](=O)[O-],Positive
O=C1CN=C(c2ccccc2)c2cc([N+](=O)[O-])ccc2N1,Negative
CCOC(=O)C1=C(C)NC(C)=C(C(=O)OC)C1c1cccc([N+](=O)[O-])c1,Positive
NC(=O)NN=Cc1ccc([N+](=O)[O-])o1,Negative
CN(CCCl)CCCl,Positive
CCN(CC)N=O,Positive
Cc1ccc2[nH]c(N)nc(=O)c2c1Sc1ccncc1,Positive
CN1Cc2c(N)cccc2C(c2ccccc2)C1,Positive
CCn1cc(C(=O)O)c(=O)c2cc(F)c(N3CCNCC3)cc21,Positive
COC1C(OC(N)=O)C(O)C(Oc2ccc3c(=O)c(NC(=O)c4ccc(O)c(CC=C(C)C)c4)c(O)oc3c2C)OC1(C)C,Positive
O=C(O)c1ccccc1Nc1ccccc1,Negative
Oc1ccccc1Br,Positive
CN(C)CC(c1ccc(O)cc1)C1(O)CCCCC1,Negative
Clc1ccccc1Cl,Positive
Cc1cc2c(s1)Nc1ccccc1N=C2N1CCN(C)CC1,Positive
CCCc1nc(C(C)(C)O)c(C(=O)OCc2oc(=O)oc2C)n1Cc1ccc(-c2ccccc2-c2nn[nH]n2)cc1,Positive
OCCN1CCN(CCCN2c3ccccc3C=Cc3ccccc32)CC1,Positive
CC(C)NCC(O)c1cc(O)cc(O)c1,Negative
CCOC(=O)C1=CC(OC(CC)CC)C(NC(C)=O)C(N)C1,Positive
Cc1onc(-c2ccccc2)c1C(=O)NC1C(=O)N2C1SC(C)(C)C2C(=O)O,Positive
O=c1[nH]c2ccccc2n1CCCN1CCN(C(c2ccccc2)c2ccccc2)CC1,Positive
NC(=O)N1c2ccccc2CC(=O)c2ccccc21,Positive
Clc1ccc(CON=C(Cn2ccnc2)c2ccc(Cl)cc2Cl)c(Cl)c1,Negative
C=CCOc1ccccc1OCC(O)CNC(C)C,Negative
CCCOc1ccc2nc(NC(=O)OC)[nH]c2c1,Positive
CN1CCCN=C1COC(=O)C(O)(c1ccccc1)C1CCCCC1,Negative
CC(=O)Oc1ccc(C2(c3ccc(OC(C)=O)cc3)C(=O)Nc3ccccc32)cc1,Positive
Nc1ccc(Cc2ccc(N)cc2)cc1,Positive
CC(=O)OC1CC2CCC3C(CCC4(C)C3CC([N+]3(C)CCCCC3)C4OC(C)=O)C2(C)CC1[N+]1(C)CCCCC1,Negative
Cc1[nH]c2ccccc2c1CCNCc1ccc(C=CC(=O)NO)cc1,Negative
COc1ccnc(CS(=O)c2nc3ccc(OC(F)F)cc3[nH]2)c1OC,Positive
CC(C)(CO)C(O)C(=O)NCCC(=O)O,Negative
Nc1ccc(O)cc1,Negative
CCC1(C)OC(=O)N(C)C1=O,Positive
C[n+]1ccc(-c2cc[n+](C)cc2)cc1,Positive
NCC1OC(OC2C(CO)OC(OC3C(O)C(N)CC(N)C3OC3OC(CO)C(O)C(O)C3N)C2O)C(N)C(O)C1O,Negative
CC(C)C1CC(=O)OCC2CCN3CCC(OC(=O)C(O)(C(C)C)CC(=O)OC1C)C23,Positive
CN(C)c1ccc(N=Nc2ccccc2)cc1,Positive
CCn1cc(C(=O)O)c(=O)c2cc(F)c(N3CCN(C)CC3)cc21,Positive
COCCOC(=O)NCCCCC(NC(=O)OCCOC)C(=O)NCCCCCOP(C)(=O)O,Negative
COc1ccc(N(C)C)cc1CNC1CCCNC1c1ccccc1,Negative
CC(C)(C)NCC(O)COc1ccccc1C1CCCC1,Negative
OC1(c2ccc(Cl)c(C(F)(F)F)c2)CCN(CCCC(c2ccc(F)cc2)c2ccc(F)cc2)CC1,Negative
CSCCC(NC(=O)C(Cc1c[nH]c2ccccc12)NC(=O)CCNC(=O)OCC(C)C)C(=O)NC(CC(=O)O)C(=O)NC(Cc1ccccc1)C(N)=O,Negative
CC(C)=CCN1CCC2(C)c3cc(O)ccc3CC1C2C,Negative
Cc1ccc(S(=O)(=O)O)cc1C,Positive
CN1CCN(CCCN2c3ccccc3Sc3ccccc32)CC1,Positive
FC(F)(F)C(F)(F)C(F)(F)C(F)(F)C(F)(F)C(F)(F)C(F)(F)C(F)(F)Br,Positive
CCCN1CC(CSC)CC2c3cccc4[nH]cc(c34)CC21,Negative
N#Cc1ccc2c(c1)N(CCCN1CCC(O)CC1)c1ccccc1S2,Positive
CC1(C)C(C=C(Cl)Cl)C1C(=O)OCc1cccc(Oc2ccccc2)c1,Negative
NC(=O)NC(=O)Cc1ccccc1,Positive
CCOc1ccc(NC(C)=O)cc1,Positive
O=C1c2ccccc2C(=O)C1c1ccccc1,Positive
CC1NCCOC1c1ccccc1,Negative
Oc1ccccc1,Positive
c1ccc2c(c1)Nc1ccccc1S2,Positive
CC(COc1ccccc1)N(CCCl)Cc1ccccc1,Negative
S=C=Nc1ccccc1,Positive
O=C(O)CCCc1ccccc1,Negative
O=[N+]([O-])c1cc([N+](=O)[O-])c(O)c([N+](=O)[O-])c1,Positive
CC(C)COc1ccc(CNC(=O)N(Cc2ccc(F)cc2)C2CCN(C)CC2)cc1,Negative
O=c1[nH]c2ccccc2n1C1CCN(CCCC(c2ccc(F)cc2)c2ccc(F)cc2)CC1,Negative
COc1cc(Br)c(C[N+]2(CCOCCC3CCC4CC3C4(C)C)CCOCC2)cc1OC,Negative
CC(C)NCC(O)COc1cccc2[nH]ccc12,Negative
CC(=O)OC1CC2CCC3C(CCC4(C)C3CC(N3CC[N+](C)(C)CC3)C4OC(C)=O)C2(C)CC1N1CC[N+](C)(C)CC1,Negative
CCCCOCCOCCOCc1cc2c(cc1CCC)OCO2,Negative
CN(C)S(=O)(=O)c1ccc2c(c1)N(CCCN1CCC(CCO)CC1)c1ccccc1S2,Positive
COc1cccc2c1C(=O)c1c(O)c3c(c(O)c1C2=O)CC(O)(C(=O)CO)CC3OC1CC(N)C(OC2CCCCO2)C(C)O1,Positive
O=C(O)Cc1nn(-c2ccc(F)cc2)cc1-c1ccc(Cl)cc1,Positive
CC(C)(C)NCC(O)c1ccc(O)c(CO)n1,Negative
NS(=O)(=O)c1cc(C(=O)O)cc(N2CCCC2)c1Oc1ccccc1,Positive
c1cnc(N2CCN(Cc3ccc4c(c3)OCO4)CC2)nc1,Positive
COc1ccc(OC)c(Cc2cnc3nc(N)nc(N)c3c2C)c1,Positive
CC(C(=O)O)c1ccc(N2CC=CC2)c(Cl)c1,Positive
CC(C)(C)C(=O)OCOC(=O)C1N2C(=O)C(N=CN3CCCCCC3)C2SC1(C)C,Positive
c1cc(CN2CCCNCCNCCCNCC2)ccc1CN1CCCNCCNCCCNCC1,Negative
CN1C(CSCC(F)(F)F)Nc2cc(Cl)c(S(N)(=O)=O)cc2S1(=O)=O,Negative
CCc1c(C)c2cc3nc(cc4nc(cc5[nH]c(cc1[nH]2)c(C)c5C(C)O)C(C)=C4CCC(=O)O)C(CCC(=O)O)=C3C,Positive
CCC(C(C)O)n1ncn(-c2ccc(N3CCN(c4ccc(OCC5COC(Cn6cncn6)(c6ccc(F)cc6F)C5)cc4)CC3)cc2)c1=O,Positive
CCCN1C2CC34c5ccccc5N(C)C3C1CC(C(C=O)CC)C2C4O,Positive
CCCNC1CCc2nc(N)sc2C1,Negative
O=C(Nc1ccc2c(=O)cc(-c3nn[nH]n3)oc2c1)c1ccc(OCCCCc2ccccc2)cc1,Positive
CCC(C)C(=O)OC1CC(O)C=C2C=CC(C)C(CCC(O)CC(O)CC(=O)O)C21,Positive
O=C1CN=C(c2ccccc2)c2cc(Cl)ccc2N1CC1CC1,Negative
CCCNC(C)C(=O)Nc1ccccc1C,Negative
CCN(CC)CCOC(=O)c1ccc(N)cc1,Negative
CN1CCN(CCCN2c3ccccc3Sc3ccc(Cl)cc32)CC1,Positive
NC(=O)CCCNC(=C1C=C(F)C=CC1=O)c1ccc(Cl)cc1,Positive
CCCOc1ccc(C(=O)OCCN(CC)CC)cc1N,Negative
CCC(=O)c1ccc2c(c1)N(CC(C)N(C)C)c1ccccc1S2,Negative
CC(C)NCC(O)COc1cccc2ccccc12,Negative
COc1ccc(CC(N)C(=O)NC2C(CO)OC(n3cnc4c(N(C)C)ncnc43)C2O)cc1,Positive
CN(C)c1ncnc2c1ncn2C1OC(CO)C(N)C1O,Positive
c1ccncc1,Positive
OCCOCCN1CCN(C2=Nc3ccccc3Sc3ccccc32)CC1,Positive
CCN(CC)CCCC(C)Nc1c2ccc(Cl)cc2nc2ccc(OC)cc12,Positive
CCC1NC(=O)c2cc(S(N)(=O)=O)c(Cl)cc2N1,Positive
COCCCOc1ccnc(CS(=O)c2nc3ccccc3[nH]2)c1C,Positive
Cc1nc(=O)c2cc(CN(C)c3ccc(C(=O)NC(CCC(=O)O)C(=O)O)s3)ccc2[nH]1,Positive
CCC(=O)NCCC1CCc2ccc3c(c21)CCO3,Negative
C=CC[N+]1(C2CC3C4CCC5CC(OC(C)=O)C(N6CCCCC6)CC5(C)C4CCC3(C)C2OC(=O)CC)CCCCC1,Negative
C#CCNC1CCc2ccccc21,Negative
CNC(=O)c1cc(Oc2ccc(NC(=O)Nc3ccc(Cl)c(C(F)(F)F)c3)c(F)c2)ccn1,Positive
COC(=O)C1C2CC3c4[nH]c5cc(OC)ccc5c4CCN3CC2CC(OC(=O)C=Cc2cc(OC)c(OC)c(OC)c2)C1OC,Negative
COC(=O)C1C2CC3c4[nH]c5cc(OC)ccc5c4CCN3CC2CC(OC(=O)c2cc(OC)c(OC)c(OC)c2)C1OC,Negative
Oc1cccc(O)c1,Positive
C=CC1(C)CC(OC(=O)CSC2CC3CCC(C2)N3C)C2(C)C(C)CCC3(CCC(=O)C32)C(C)C1O,Negative
CCCCCCCCCCCCCCCC(=O)OCC=C(C)C=CC=C(C)C=CC1=C(C)CCCC1(C)C,Positive
COC1C=COC2(C)Oc3c(C)c(O)c4c(c3C2=O)C2=NC3(CCN(CC(C)C)CC3)NC2=C(NC(=O)C(C)=CC=CC(C)C(O)C(C)C(O)C(C)C(OC(C)=O)C1C)C4=O,Positive
COC1C=COC2(C)Oc3c(C)c(O)c4c(c3C2=O)C(=O)C(=CNN2CCN(C)CC2)C(=C4O)NC(=O)C(C)=CC=CC(C)C(O)C(C)C(O)C(C)C(OC(C)=O)C1C,Positive
COC1C=COC2(C)Oc3c(C)c(O)c4c(c3C2=O)C(=O)C(=CNN2CCN(C3CCCC3)CC2)C(=C4O)NC(=O)C(C)=CC=CC(C)C(O)C(C)C(O)C(C)C(OC(C)=O)C1C,Positive
COC1C=COC2(C)Oc3c(C)c(O)c4c(O)c(c5c(nc6cc(C)ccn65)c4c3C2=O)NC(=O)C(C)=CC=CC(C)C(O)C(C)C(O)C(C)C(OC(C)=O)C1C,Negative
Nc1nc2ccc(OC(F)(F)F)cc2s1,Positive
CC(N)C12CC3CC(CC(C3)C1)C2,Negative
COC(=O)N(C)c1c(N)nc(-c2nn(Cc3ccccc3F)c3ncccc23)nc1N,Negative
O=P(O)(O)C(O)(Cc1cccnc1)P(=O)(O)O,Negative
CC(NCCc1ccc(O)cc1)C(O)c1ccc(O)cc1,Positive
CC(C)c1nc(CN(C)C(=O)NC(C(=O)NC(Cc2ccccc2)CC(O)C(Cc2ccccc2)NC(=O)OCc2cncs2)C(C)C)cs1,Positive
O=C(NCC1CN(c2ccc(N3CCOCC3=O)cc2)C(=O)O1)c1ccc(Cl)s1,Positive
CN(C)CCc1c[nH]c2ccc(Cn3cncn3)cc12,Negative
C=CC[N+]1(C2CC3C4CCC5CC(O)C(N6CCOCC6)CC5(C)C4CCC3(C)C2OC(C)=O)CCCC1,Negative
CS(=O)(=O)c1ccc(C2=C(c3ccccc3)C(=O)OC2)cc1,Positive
O=C(Nc1c(Cl)cncc1Cl)c1ccc(OC(F)F)c(OCC2CC2)c1,Negative
COP(=S)(OC)Oc1cc(Cl)c(Cl)cc1Cl,Positive
CCCN1CCCCC1C(=O)Nc1c(C)cccc1C,Negative
CC(C)c1nc(N(C)S(C)(=O)=O)nc(-c2ccc(F)cc2)c1C=CC(O)CC(O)CC(=O)O,Positive
CCCN(CCc1cccs1)C1CCc2c(O)cccc2C1,Negative
CC(=O)OCC(=O)NCCCOc1cccc(CN2CCCCC2)c1,Positive
CCC1OC(=O)C(C)C(OC2CC(C)(OC)C(O)C(C)O2)C(C)C(OC2OC(C)CC(N(C)C)C2O)C(C)(O)CC(C)C(=NOCOCCOC)C(C)C(O)C1(C)O,Positive
CC1OC(OC2C(O)C(CO)OC(OC3CCC4(C)C(CCC5(C)C4C=CC4=C6CC(C)(C)CCC6(CO)C(O)CC45C)C3(C)CO)C2O)C(O)C(O)C1O,Negative
OCc1cc(C(O)CNCCCCCCOCCCCc2ccccc2)ccc1O,Negative
O=P(O)(O)CN(CCN(CP(=O)(O)O)CP(=O)(O)O)CP(=O)(O)O,Negative
CN1C2CC(OC(=O)C(CO)c3ccccc3)CC1C1OC12,Negative
CC(C)N(CCCCOCC(=O)NS(C)(=O)=O)c1cnc(-c2ccccc2)c(-c2ccccc2)n1,Negative
CC1=C(C)C(=O)C(C(CCCCCC(=O)O)c2ccccc2)=C(C)C1=O,Positive
FCOC(C(F)(F)F)C(F)(F)F,Positive
CC(C)CC(N(C)C)C1(c2ccc(Cl)cc2)CCC1,Positive
CCCc1nn(C)c2c(=O)nc(-c3cc(S(=O)(=O)N4CCN(C)CC4)ccc3OCC)[nH]c12,Positive
CCC(C)(C)C(=O)OC1CC(C)C=C2C=CC(C)C(CCC3CC(O)CC(=O)O3)C21,Positive
Cc1cc2c(cc1CC(=O)c1sccc1S(=O)(=O)Nc1onc(C)c1Cl)OCO2,Positive
O=C(O)c1ccccc1,Negative
CNC(=O)c1cc(Oc2ccc(NC(=O)Nc3ccc(Cl)c(C(F)(F)F)c3)cc2)ccn1,Positive
CC12Cc3cn[nH]c3CC1CCC1C2CCC2(C)C1CCC2(C)O,Positive
O=C(O)C1CC(C2CCCCC2)CN1,Positive
O=c1ccc(=O)[nH][nH]1,Positive
C=Cc1ccccc1,Positive
O=C(O)C(S)C(S)C(=O)O,Positive
CN1C(C(=O)Nc2nccs2)=C(O)c2ccccc2S1(=O)=O,Positive
CCC(=O)N(c1ccccc1)C1(COC)CCN(CCc2cccs2)CC1,Negative
Cc1nnc(NS(=O)(=O)c2ccc(N)cc2)s1,Positive
Cc1cc(NS(=O)(=O)c2ccc(N)cc2)no1,Positive
Nc1ccc(S(=O)(=O)Nc2ccccn2)cc1,Positive
Cc1noc(NS(=O)(=O)c2ccc(N)cc2)c1C,Positive
COc1cc(O)c(C(=O)c2ccccc2)cc1S(=O)(=O)O,Negative
Cc1ccc(-n2nccn2)c(C(=O)N2CCN(c3nc4cc(Cl)ccc4o3)CCC2C)c1,Negative
CCCCCCCCCCCCCCCCCCCCCCO,Negative
CC(C)(C)NCC(O)COc1ccc(NC(=O)NC2CCCCC2)cc1,Positive
CC(C)OC(=O)OCOP(=O)(COC(C)Cn1cnc2c(N)ncnc21)OCOC(=O)OC(C)C,Positive
CCOCCP(CCOCC)CCP(CCOCC)CCOCC,Negative
CCCCCN=C(N)NNC=C1C=Nc2ccc(CO)cc21,Negative
CCC1OC(=O)C(C)C(=O)C(C)C(OC2OC(C)CC(N(C)C)C2O)C(C)(OC)CC(C)C(=O)C(C)C2N(CCCCn3cnc(-c4cccnc4)c3)C(=O)OC12C,Positive
CC1CN(c2cc3c(cc2F)c(=O)c(C(=O)O)cn3-c2ccc(F)cc2F)CCN1,Positive
CN1C(=O)C(O)N=C(c2ccccc2)c2cc(Cl)ccc21,Negative
NC(=O)n1c(O)c(C(=O)c2cccs2)c2cc(Cl)ccc21,Positive
COc1cc(C2c3cc4c(cc3C(OC3OC(C)C(OC(O)c5cccs5)C(O)C3O)C3COC(=O)C23)OCO4)cc(OC)c1O,Negative
CN1C(=C(O)Nc2ccccn2)C(=O)c2sccc2S1(=O)=O,Positive
CC(C)N1CCN(c2ccc(OCC3COC(Cn4cncn4)(c4ccc(Cl)cc4Cl)O3)cc2)CC1,Negative
CC(C)(C)NCC(O)COc1cccc2c1SCCC2,Negative
CC12CCC3C(CCC4=CC(=O)C=CC43C)C1CCC(=O)O2,Negative
CC12CCC(=O)C=C1CCC1C2CCC2(C)C(OC(=O)CCC3CCCC3)CCC12,Negative
CCCCCCC(=O)OC1CCC2C3CCC4=CC(=O)CCC4(C)C3CCC12C,Negative
CCCCCCCCCC(=O)CC(=O)OC1CCC2C3CCC4=CC(=O)CCC4(C)C3CCC12C,Negative
CC12CCC(=O)C=C1CCC1C2CCC2(C)C(OC(=O)Cc3ccccc3)CCC12,Negative
COc1cc2c(cc1OC)C1CC(=O)C(CC(C)C)CN1CC2,Negative
CCCCNc1ccc(C(=O)OCCN(C)C)cc1,Negative
CC(O)C(O)C1CNc2[nH]c(N)nc(=O)c2N1,Negative
Cc1ncc(C[n+]2csc(CCO)c2C)c(N)n1,Negative
CCSc1ccc2c(c1)N(CCCN1CCN(C)CC1)c1ccccc1S2,Positive
Nc1nc(=S)c2[nH]cnc2[nH]1,Positive
CCCC(C)C1(CC)C(=O)NC(=S)NC1=O,Positive
Sc1ccccc1,Positive
NC(Cc1cc(I)c(Oc2cc(I)c(O)c(I)c2)c(I)c1)C(=O)O,Negative
Cc1ccsc1C(=CCCN1CCCC(C(=O)O)C1)c1sccc1C,Negative
CN1c2ccccc2C(NCCCCCCC(=O)O)c2ccc(Cl)cc2S1(=O)=O,Positive
CC(C(=O)O)c1ccc(C(=O)c2ccccc2)s1,Positive
C#CC1(O)CCC2C3C(C)CC4=C(CCC(=O)C4)C3CCC21C,Negative
CN(C)c1cc(NC(=O)CNC(C)(C)C)c(O)c2c1CC1CC3C(N(C)C)C(=O)C(=C(N)O)C(=O)C3(O)C(=O)C1=C2O,Positive
C[N+]1(C)C2CC(OC(=O)C(O)(c3cccs3)c3cccs3)CC1C1OC12,Negative
Cc1cccc(C)c1NC(=O)C(C)N,Negative
Cc1ccc(S(=O)(=O)NC(=O)NN2CCCCCC2)cc1,Positive
CCCCNC(=O)NS(=O)(=O)c1ccc(C)cc1,Positive
Cc1ccc(C(=O)c2ccc(CC(=O)O)n2C)cc1,Positive
COc1ccc2c(C(=S)N(C)CC(=O)O)cccc2c1C(F)(F)F,Positive
CN(C)CCOc1ccc(C(=C(CCCl)c2ccccc2)c2ccccc2)cc1,Positive
CC(C)OC(=O)CCCC=CCC1C(O)CC(O)C1C=CC(O)COc1cccc(C(F)(F)F)c1,Negative
CC[N+](CC)(CC)CCC(O)(c1ccccc1)C1CCCCC1,Negative
CN(C)CCCN1c2ccccc2Sc2ccc(C(F)(F)F)cc21,Positive
OC(CCN1CCCCC1)(c1ccccc1)C1CCCCC1,Negative
COc1cc(C(=O)NCc2ccc(OCCN(C)C)cc2)cc(OC)c1OC,Positive
COc1cc(Cc2cnc(N)nc2N)cc(OC)c1OC,Positive
Cc1ccc(C(=CCN2CCCC2)c2ccccn2)cc1,Negative
COC1CC(OC2C(C)C(=O)OC(C)C(C)C(OC(C)=O)C(C)C(=O)C3(CO3)CC(C)C(OC3OC(C)CC(N(C)C)C3OC(C)=O)C2C)OC(C)C1OC(C)=O,Positive
CCN(Cc1ccncc1)C(=O)C(CO)c1ccccc1,Negative
CN1C2CCC1CC(OC(=O)c1c[nH]c3ccccc13)C2,Positive
Cc1cc(-c2ccc(NN=C3C(=O)c4c(N)cc(S(=O)(=O)O)cc4C=C3S(=O)(=O)O)c(C)c2)ccc1NN=C1C(=O)c2c(N)cc(S(=O)(=O)O)cc2C=C1S(=O)(=O)O,Negative
COc1cc2c3cc1Oc1cc(ccc1O)CC1c4c(cc(OC)c(O)c4Oc4ccc(cc4)CC3N(C)CC2)CC[N+]1(C)C,Negative
CCCC(=O)Nc1c(I)cc(I)c(CC(CC)C(=O)O)c1I,Negative
C=CCCCCCCCCC(=O)O,Negative
CCCCCCCC(=O)CCC1C(O)CC(O)C1CC=CCCCC(=O)O,Negative
O=c1[nH]cc(N(CCCl)CCCl)c(=O)[nH]1,Positive
CC(C)C(N)C(=O)OCCOCn1cnc2c(=O)[nH]c(N)nc21,Positive
CCCCC(=O)OCC(=O)C1(O)Cc2c(O)c3c(c(O)c2C(OC2CC(NC(=O)C(F)(F)F)C(O)C(C)O2)C1)C(=O)c1c(OC)cccc1C3=O,Negative
CCCc1nc(C)c2c(=O)nc(-c3cc(S(=O)(=O)N4CCN(CC)CC4)ccc3OCC)[nH]n12,Positive
CC(=O)OC1CC2CCC3C(CCC4(C)C3CC([N+]3(C)CCCCC3)C4OC(C)=O)C2(C)CC1N1CCCCC1,Negative
CC1(C)CCC(CN2CCN(c3ccc(C(=O)NS(=O)(=O)c4ccc(NCC5CCOCC5)c([N+](=O)[O-])c4)c(Oc4cnc5[nH]ccc5c4)c3)CC2)=C(c2ccc(Cl)cc2)C1,Negative
C=Cc1c(C)c2cc3nc(cc4[nH]c(cc5nc(cc1[nH]2)C(C)=C5CCC(=O)O)c(CCC(=O)OC)c4C)C1(C)C3=CC=C(C(=O)OC)C1C(=O)OC,Positive
COc1ccc(C(=O)N2CCN(c3ccc4c(c3)CCC(=O)N4)CC2)cc1OC,Positive
CCC1=CC2CN(C1)Cc1c([nH]c3ccccc13)C(C(=O)OC)(c1cc3c(cc1OC)N(C)C1C(O)(C(=O)OC)C(OC(C)=O)C4(CC)C=CCN5CCC31C54)C2,Negative
CCOC(=O)NC1CCC2C(C1)CC1C(=O)OC(C)C1C2C=Cc1ccc(-c2cccc(F)c2)cn1,Negative
CC(c1ncncc1F)C(O)(Cn1cncn1)c1ccc(F)cc1F,Positive
Cc1cccc(Nc2cc(Cl)nc(SCC(=O)O)n2)c1C,Positive
CCCCCCOc1nsnc1C1=CCCN(C)C1,Positive
OC1COC(O)C(O)C1O,Negative
CC(=O)NC1C(N=C(N)N)C=C(C(=O)O)OC1C(O)C(O)CO,Negative
O=C1Cc2cc(CCN3CCN(c4nsc5ccccc45)CC3)c(Cl)cc2N1,Positive
CC(CSC(=O)c1ccccc1)C(=O)N1CC(Sc2ccccc2)CC1C(=O)O,Positive
Cc1ccc(-c2nc3ccc(C)cn3c2CC(=O)N(C)C)cc1,Negative
NS(=O)(=O)Cc1noc2ccccc12,Positive
CC(=O)Nc1ccc(O)cc1,Positive
CN(C)CCC(c1ccc(Cl)cc1)c1ccccn1,Negative
NCCc1ccc(O)c(O)c1,Negative
O=c1ncnc2[nH][nH]cc1-2,Positive
Nc1ccc(C(=O)NCC(=O)O)cc1,Negative
O=C(O)c1cc(-c2ccc(F)cc2F)ccc1O,Positive
CC(C(=O)O)c1cccc(Oc2ccccc2)c1,Positive
Cc1ccc(NC(=O)c2ccc(CN3CCN(C)CC3)cc2)cc1Nc1nccc(-c2cccnc2)n1,Positive
CC(CCc1ccccc1)NCC(O)c1ccc(O)c(C(N)=O)c1,Positive
Cc1cccc(Nc2ccccc2C(=O)O)c1C,Positive
C1CCC(C(CC2CCCCN2)C2CCCCC2)CC1,Positive
CCC(=C(c1ccccc1)c1ccc(OCCN(C)C)cc1)c1ccccc1,Positive
Clc1ccc2nsnc2c1NC1=NCCN1,Positive
Cc1c(C)c2c(c(C)c1O)CCC(C)(COc1ccc(CC3SC(=O)NC3=O)cc1)O2,Positive
CCC1(O)CC2CN(CCc3c([nH]c4ccccc34)C(C(=O)OC)(c3cc4c(cc3OC)N(C)C3C(O)(C(=O)OC)C(OC(C)=O)C5(CC)C=CCN6CCC43C65)C2)C1,Negative
CCC(C)n1ncn(-c2ccc(N3CCN(c4ccc(OCC5COC(Cn6cncn6)(c6ccc(Cl)cc6Cl)O5)cc4)CC3)cc2)c1=O,Positive
O=C(c1ccc(OCCN2CCCCC2)cc1)c1c(-c2ccc(O)cc2)sc2cc(O)ccc12,Negative
CC#CC1(O)CCC2C3CCC4=CC(=O)CCC4=C3C(c3ccc(N(C)C)cc3)CC21C,Negative
CN(C)CCCN1c2ccccc2CCc2ccc(Cl)cc21,Positive
CCC1OC(=O)C(C)C(OC2CC(C)(OC)C(O)C(C)O2)C(C)C(OC2OC(C)CC(N(C)C)C2O)C(C)(OC)CC(C)C(=O)C(C)C(O)C1(C)O,Positive
CC12CCC(=O)C=C1CCC1C2CCC2(C)C(O)CCC12,Positive
CCc1cccc2c3c([nH]c12)C(CC)(CC(=O)O)OCC3,Positive
NC1=NC(=O)C(c2ccccc2)O1,Positive
CC(C)c1c(C(=O)Nc2ccccc2)c(-c2ccccc2)c(-c2ccc(F)cc2)n1CCC(O)CC(O)CC(=O)O,Positive
CC1OC(OC2C(O)CC(OC3C(O)CC(OC4CCC5(C)C(CCC6C5CC(O)C5(C)C(C7=CC(=O)OC7)CCC65O)C4)OC3C)OC2C)CC(O)C1O,Negative
OCC1OC(O)C(O)C(O)C1O,Negative
NCCNCCNCCN,Negative
C=C1CC2C(CCC3(C)C(=O)CCC23)C2(C)C=CC(=O)C=C12,Positive
COc1cc2ncnc(Nc3ccc(F)c(Cl)c3)c2cc1OCCCN1CCOCC1,Positive
O=C(NCC(O)CO)c1c(I)c(C(=O)NCC(O)CO)c(I)c(N(CCO)C(=O)CO)c1I,Negative
O=C(O)CCCO,Negative
CC(=O)Nc1nnc(S(N)(=O)=O)s1,Positive
CCCSc1ccc2nc(NC(=O)OC)[nH]c2c1,Positive
CC(C(=O)O)c1ccc2oc(-c3ccc(Cl)cc3)nc2c1,Positive
O=C(OC1CC2CCC(C1)[N+]21CCCC1)C(O)(c1ccccc1)c1ccccc1,Negative
CCN1CC(CCN2CCOCC2)C(c2ccccc2)(c2ccccc2)C1=O,Negative
CC(C)C(=O)Oc1ccc(CO)cc1C(CCN(C(C)C)C(C)C)c1ccccc1,Negative
COc1cc(NC(C)CCCN)c2ncccc2c1,Negative
CC(c1cc2ccccc2s1)N(O)C(N)=O,Positive
Cc1cc(C#N)cc(C)c1Oc1nc(Nc2ccc(C#N)cc2)nc(N)c1Br,Positive
O=C1Nc2ccccc2C1(c1ccc(O)cc1)c1ccc(O)cc1,Positive
CCOC(=O)C1(c2ccccc2)CCN(C)CC1,Negative
CN(C)CCOC(C)(c1ccccc1)c1ccccn1,Negative
CC(C)[N+](C)(CCOC(=O)C1c2ccccc2Oc2ccccc21)C(C)C,Negative
CC(=O)Nc1c(I)c(NC(C)=O)c(I)c(C(=O)O)c1I,Negative
CC(=CCC1=C(C)C(=O)c2ccccc2C1=O)CCCC(C)CCCC(C)CCCC(C)C,Negative
CN(C)CCCN1c2ccccc2Sc2ccc(Cl)cc21,Positive
CC1(COc2ccc(CC3SC(=O)NC3=O)cc2)CCCCC1,Positive
CN=C(NC#N)NCCSCc1nc[nH]c1C,Positive
CC(C)(Oc1ccc(C2CC2(Cl)Cl)cc1)C(=O)O,Positive
COc1cc(N)c(Cl)cc1C(=O)NC1CCN(CCCOc2ccc(F)cc2)CC1OC,Negative
O=P1(N(CCCl)CCCl)NCCCO1,Positive
CC(=O)N(O)CCCCCNC(=O)CCC(=O)N(O)CCCCCNC(=O)CCC(=O)N(O)CCCCCN,Negative
CC(C)N(CCC(C(N)=O)(c1ccccc1)c1ccccn1)C(C)C,Positive
CC(Cc1ccc(O)cc1)NCC(O)c1cc(O)cc(O)c1,Positive
O=c1[nH]cc(F)c(=O)[nH]1,Positive
CCN(CC)CCNc1ccc(CO)c2sc3ccccc3c(=O)c12,Positive
CN(C)CCCN1c2ccccc2CCc2ccccc21,Positive
Cc1cccc(C)c1OCC(C)N,Positive
CN1CCN2c3ccccc3Cc3ccccc3C2C1,Positive
Clc1ccc(COC(Cn2ccnc2)c2ccc(Cl)cc2Cl)c(Cl)c1,Negative
COC(=O)C1=C(C)NC(C)=C(C(=O)OCC(C)C)C1c1ccccc1[N+](=O)[O-],Negative
CNCCC=C1c2ccccc2CCc2ccccc21,Positive
CNNCc1ccc(C(=O)NC(C)C)cc1,Positive
CC(CN1c2ccccc2Sc2ccccc21)N(C)C,Negative
Clc1ccc(CSC(Cn2ccnc2)c2ccc(Cl)cc2Cl)cc1,Negative
CN1CCN(CCCN2c3ccccc3Sc3ccc(C(F)(F)F)cc32)CC1,Positive
CN1C(=O)OC(C)(C)C1=O,Positive
Cc1ccc(N(CC2=NCCN2)c2cccc(O)c2)cc1,Negative
CC12CCC3c4ccc(O)cc4CCC3C1CCC2=O,Positive
CC(=O)C1CCC2C3CCC4=CC(=O)CCC4(C)C3CCC12C,Positive
CCc1oc2ccccc2c1C(=O)c1cc(I)c(O)c(I)c1,Positive
Oc1ccc(Br)cc1,Positive
Brc1ccccc1,Positive
CN1CC(C(=O)NC2(C)OC3(O)C4CCCN4C(=O)C(Cc4ccccc4)N3C2=O)C=C2c3cccc4[nH]cc(c34)CC21,Negative
CCC1(c2ccccc2)C(=O)NC(=O)N(C)C1=O,Positive
C=CC1CN2CCC1CC2C(O)c1ccnc2ccc(OC)cc12,Positive
C#CC1(OC(C)=O)CCC2C3CCC4=CC(OC(C)=O)CCC4C3CCC21C,Positive
C#CC1(O)CCC2C3CCC4=CC(=O)CCC4C3CCC21CC,Negative
O=C(O)c1cc(=O)c2cc(OCC(O)COc3cccc4oc(C(=O)O)cc(=O)c34)ccc2o1,Negative
CCCC1CC(C(=O)NC(C(C)Cl)C2OC(SC)C(O)C(O)C2O)N(C)C1,Positive
Nc1nc(F)nc2c1ncn2C1OC(COP(=O)(O)O)C(O)C1O,Negative
COc1cccc2c1C(=O)c1c(O)c3c(c(O)c1C2=O)CC(O)(C(=O)CO)CC3OC1CC(N)C(O)C(C)O1,Positive
CC1(c2ccccc2)Cc2cc(OCC(=O)O)c(Cl)c(Cl)c2C1=O,Positive
CC(CS)C(=O)N1CCCC1C(=O)O,Positive
O=c1[nH]c(=O)n(C2OC(CO)C(O)C2F)cc1I,Positive
Nc1nc(=O)c2c([nH]1)NCC(CNc1ccc(C(=O)NC(CCC(=O)O)C(=O)O)cc1)N2C=O,Negative
CCCN(CCC)C(=O)Cc1c(-c2ccc(Cl)cc2)nc2ccc(Cl)cn12,Positive
C=CCOC=O,Positive
O=C1Nc2ccc(Cl)cc2C(C#CC2CC2)(C(F)(F)F)O1,Positive
CC(C)C(N)C(=O)OCC(CO)OCn1cnc2c(=O)nc(N)[nH]c21,Negative
CN(CCOc1ccc(NS(C)(=O)=O)cc1)CCc1ccc(NS(C)(=O)=O)cc1,Negative
Cc1cn(C2CC(O)C(CO)O2)c(=O)[nH]c1=O,Positive
COCc1c(C(C)C)nc(C(C)C)c(C=CC(O)CC(O)CC(=O)O)c1-c1ccc(F)cc1,Positive
CNC(=C[N+](=O)[O-])NCCSCc1ccc(CN(C)C)o1,Positive
CN(C)c1ccc(O)c2c1CC1CC3C(N(C)C)C(=O)C(=C(N)O)C(=O)C3(O)C(=O)C1=C2O,Positive
N#[N+]C=C([O-])OCC(N)C(=O)O,Positive
CC1C(NC(=O)C(=NOC(C)(C)C(=O)O)c2csc(N)n2)C(=O)N1S(=O)(=O)O,Negative
CC(CCC(=O)NCCS(=O)(=O)O)C1CCC2C3C(O)CC4CC(O)CCC4(C)C3CCC12C,Positive
CCCCC(CC)COC(=O)C=Cc1ccc(OC)cc1,Positive
Cc1cc(NC(=O)C2=C(O)c3ccccc3S(=O)(=O)N2C)no1,Negative
CN(C)C1C(=O)C(C(N)=O)=C(O)C2(O)C(=O)C3=C(O)c4c(O)ccc(Cl)c4C(C)(O)C3CC12,Positive
